,country,year,gini_above65,gini_total,gini_18/65,palma_ratio_above65,palma_ratio_total,palma_ratio_18/65,se_gini_above65,se_gini_total,se_gini_18/65
0,Australia,1995,0.26,0.31,0.3,0.92,1.12,1.08,0.01,0.0,0.0
1,Australia,2000,0.31,0.32,0.29,1.19,1.17,1.1,0.01,0.0,0.0
2,Australia,2004,0.3,0.32,0.3,1.17,1.17,1.1,0.01,0.0,0.0
3,Australia,2008,0.33,0.34,0.32,1.3,1.33,1.25,0.01,0.0,0.0
4,Australia,2010,0.32,0.33,0.32,,1.3,1.2,0.01,0.01,0.01
5,Australia,2012,0.31,0.32,0.31,1.21,1.23,1.16,0.01,0.0,0.01
6,Australia,2014,0.33,0.34,0.33,1.29,1.34,1.27,0.01,0.01,0.01
7,Australia,2016,0.32,0.33,0.31,1.29,1.26,1.15,0.01,0.0,0.0
8,Australia,2018,0.35,0.32,0.31,1.49,1.3,1.2,0.01,0.01,0.01
9,Australia,2020,0.32,0.32,0.31,1.28,1.26,1.18,0.01,0.01,0.01
10,Austria,2004,0.29,0.27,0.27,1.07,0.95,0.93,,,
11,Austria,2005,0.26,0.26,0.26,0.92,0.89,0.88,,,
12,Austria,2006,0.28,0.27,0.26,0.99,0.93,0.91,,,
13,Austria,2007,0.29,0.28,0.28,1.02,1.0,0.99,,,
14,Austria,2008,0.27,0.28,0.28,0.93,0.99,0.99,,,
15,Austria,2009,0.29,0.29,0.28,1.02,1.03,1.01,,,
16,Austria,2010,0.28,0.28,0.28,0.99,0.98,0.98,,,
17,Austria,2011,0.28,0.28,0.28,0.98,0.99,0.99,,,
18,Austria,2012,0.27,0.28,0.28,0.92,0.96,0.96,,,
19,Austria,2013,0.28,0.28,0.28,0.98,0.99,1.0,,,
20,Austria,2014,0.26,0.27,0.28,0.92,0.97,0.97,,,
21,Austria,2015,0.27,0.28,0.28,0.94,0.96,0.97,,,
22,Austria,2016,0.26,0.28,0.29,0.9,1.0,1.01,,,
23,Austria,2017,0.26,0.28,0.28,0.91,0.96,0.96,,,
24,Austria,2018,0.27,0.28,0.28,0.95,0.98,1.01,,,
25,Austria,2019,0.27,0.27,0.27,0.95,0.95,0.95,,,
26,Austria,2020,0.27,0.27,0.27,0.93,0.93,0.92,,,
27,Belgium,2004,0.24,0.29,0.29,0.81,1.05,1.06,,,
28,Belgium,2005,0.24,0.28,0.28,0.83,0.99,0.99,,,
29,Belgium,2006,0.25,0.26,0.26,0.86,0.91,0.89,,,
30,Belgium,2007,0.23,0.27,0.27,0.79,0.97,0.97,,,
31,Belgium,2008,0.24,0.26,0.26,0.81,0.9,0.89,,,
32,Belgium,2009,0.26,0.27,0.26,0.93,0.94,0.91,,,
33,Belgium,2010,0.23,0.26,0.26,0.77,0.91,0.9,,,
34,Belgium,2011,0.24,0.27,0.26,0.81,0.92,0.91,,,
35,Belgium,2012,0.23,0.26,0.26,0.78,0.9,0.89,,,
36,Belgium,2013,0.23,0.26,0.26,0.77,0.89,0.88,,,
37,Belgium,2014,0.23,0.27,0.27,0.78,0.92,0.92,,,
38,Belgium,2015,0.24,0.27,0.27,0.83,0.93,0.92,,,
39,Belgium,2016,0.22,0.27,0.27,0.75,0.92,0.94,,,
40,Belgium,2017,0.24,0.26,0.26,0.81,0.91,0.9,,,
41,Belgium,2018,0.24,0.26,0.26,0.82,0.89,0.88,,,
42,Belgium,2019,0.23,0.26,0.26,0.79,0.9,0.89,,,
43,Belgium,2020,0.21,0.25,0.25,0.71,0.84,0.83,,,
44,Bulgaria,2006,0.3,0.35,0.35,1.11,1.42,1.37,,,
45,Bulgaria,2007,0.31,0.36,0.35,1.14,1.52,1.45,,,
46,Bulgaria,2008,0.3,0.33,0.32,1.09,1.27,1.18,,,
47,Bulgaria,2009,0.31,0.33,0.32,1.15,1.27,1.18,,,
48,Bulgaria,2010,0.32,0.33,0.32,1.23,1.27,1.18,,,
49,Bulgaria,2011,0.31,0.34,0.33,1.17,1.35,1.27,,,
50,Bulgaria,2012,0.32,0.36,0.35,1.26,1.47,1.42,,,
51,Bulgaria,2013,0.3,0.35,0.35,1.12,1.45,1.43,,,
52,Bulgaria,2014,0.31,0.37,0.36,1.19,1.57,1.51,,,
53,Bulgaria,2015,0.3,0.38,0.38,1.12,1.64,1.64,,,
54,Bulgaria,2016,0.34,0.4,0.4,1.36,1.89,1.84,,,
55,Bulgaria,2017,0.34,0.4,0.39,1.38,1.83,1.8,,,
56,Bulgaria,2018,0.34,0.41,0.4,1.39,1.95,1.86,,,
57,Bulgaria,2019,0.35,0.4,0.39,1.44,1.89,1.79,,,
58,Bulgaria,2020,0.36,0.4,0.39,1.49,1.84,1.77,,,
59,Brazil,2006,0.46,0.51,0.5,2.52,3.38,3.29,,,
60,Brazil,2009,0.46,0.48,0.48,2.46,2.95,2.86,,,
61,Brazil,2011,0.45,0.48,0.48,2.37,2.93,2.86,,,
62,Brazil,2013,0.44,0.47,0.46,2.25,2.7,2.64,,,
63,Brazil,2016,0.43,0.48,0.47,2.12,2.92,2.79,,,
64,Canada,1976,0.35,0.3,0.3,1.42,1.1,1.06,,,
65,Canada,1977,0.35,0.29,0.28,1.45,0.99,0.94,,,
66,Canada,1978,0.36,0.29,0.29,1.47,1.04,1.0,,,
67,Canada,1979,0.32,0.29,0.28,1.22,1.0,0.96,,,
68,Canada,1980,0.32,0.29,0.28,1.19,1.01,0.99,,,
69,Canada,1981,0.31,0.29,0.28,1.16,1.0,0.97,,,
70,Canada,1982,0.31,0.29,0.29,1.2,1.03,1.0,,,
71,Canada,1983,0.29,0.3,0.3,1.05,1.07,1.05,,,
72,Canada,1984,0.29,0.3,0.29,1.09,1.05,1.03,,,
73,Canada,1985,0.29,0.29,0.29,1.09,1.04,1.02,,,
74,Canada,1986,0.29,0.29,0.29,1.09,1.04,1.02,,,
75,Canada,1987,0.27,0.29,0.29,0.98,1.02,1.0,,,
76,Canada,1988,0.27,0.28,0.28,0.97,0.99,0.98,,,
77,Canada,1989,0.29,0.28,0.28,1.04,0.99,0.96,,,
78,Canada,1990,0.27,0.29,0.29,0.97,1.01,1.0,,,
79,Canada,1991,0.26,0.29,0.3,0.95,1.05,1.05,,,
80,Canada,1992,0.25,0.29,0.3,0.91,1.03,1.05,,,
81,Canada,1993,0.26,0.29,0.29,0.92,1.01,1.01,,,
82,Canada,1994,0.25,0.29,0.29,0.88,1.01,1.02,,,
83,Canada,1995,0.26,0.29,0.29,0.95,1.02,1.04,,,
84,Canada,1996,0.26,0.3,0.3,0.94,1.07,1.09,,,
85,Canada,1997,0.26,0.3,0.31,0.92,1.09,1.12,,,
86,Canada,1998,0.26,0.31,0.31,0.92,1.13,1.17,,,
87,Canada,1999,0.26,0.31,0.31,0.9,1.13,1.17,,,
88,Canada,2000,0.26,0.32,0.32,0.9,1.19,1.23,,,
89,Canada,2001,0.26,0.32,0.32,0.93,1.2,1.24,,,
90,Canada,2002,0.27,0.32,0.32,0.95,1.2,1.24,,,
91,Canada,2003,0.26,0.32,0.32,0.91,1.19,1.21,,,
92,Canada,2004,0.26,0.32,0.33,0.94,1.23,1.25,,,
93,Canada,2005,0.27,0.32,0.32,0.98,1.19,1.21,,,
94,Canada,2006,0.26,0.32,0.32,0.95,1.2,1.24,,,
95,Canada,2007,0.28,0.32,0.32,1.02,1.2,1.23,,,
96,Canada,2008,0.28,0.32,0.32,1.0,1.22,1.24,,,
97,Canada,2009,0.28,0.32,0.33,1.03,1.21,1.25,,,
98,Canada,2010,0.29,0.32,0.32,1.06,1.21,1.23,,,
99,Canada,2011,0.27,0.32,0.32,1.0,1.18,1.21,,,
100,Canada,2012,0.29,0.32,0.32,1.05,1.19,1.19,,,
101,Canada,2013,0.28,0.32,0.32,0.99,1.19,1.2,,,
102,Canada,2014,0.28,0.31,0.31,1.05,1.16,1.16,,,
103,Canada,2015,0.29,0.32,0.32,1.05,1.19,1.2,,,
104,Canada,2016,0.29,0.31,0.31,1.05,1.13,1.14,,,
105,Canada,2017,0.29,0.31,0.31,1.07,1.14,1.16,,,
106,Canada,2018,0.29,0.3,0.31,1.06,1.11,1.13,,,
107,Canada,2019,0.29,0.3,0.3,1.09,1.08,1.09,,,
108,Canada,2020,0.28,0.28,0.28,1.0,0.98,0.98,,,
109,Switzerland,2006,0.31,0.3,0.29,1.2,1.13,1.07,,,
110,Switzerland,2007,0.33,0.31,0.3,1.33,1.18,1.12,,,
111,Switzerland,2008,0.34,0.31,0.29,1.34,1.14,1.08,,,
112,Switzerland,2009,0.3,0.3,0.29,1.13,1.1,1.06,,,
113,Switzerland,2010,0.32,0.3,0.28,1.22,1.1,1.03,,,
114,Switzerland,2011,0.3,0.29,0.28,1.14,1.04,0.99,,,
115,Switzerland,2012,0.3,0.28,0.27,1.1,1.03,0.98,,,
116,Switzerland,2013,0.31,0.3,0.29,1.17,1.09,1.04,,,
117,Switzerland,2014,0.31,0.3,0.29,1.2,1.1,1.04,,,
118,Switzerland,2015,0.3,0.3,0.29,1.09,1.09,1.04,,,
119,Switzerland,2016,0.31,0.3,0.29,1.19,1.12,1.07,,,
120,Switzerland,2017,0.31,0.3,0.29,1.15,1.1,1.05,,,
121,Switzerland,2018,0.31,0.31,0.3,1.14,1.18,1.11,,,
122,Switzerland,2019,0.33,0.32,0.3,1.28,1.21,1.13,,,
123,Chile,2006,0.5,0.51,0.51,,3.43,3.36,,,
124,Chile,2009,0.48,0.51,0.51,2.31,3.41,3.5,0.97,0.23,0.33
125,Chile,2011,0.46,0.5,0.5,2.14,3.26,3.25,0.7,0.21,0.24
126,Chile,2013,0.43,0.46,0.47,2.16,2.62,2.65,0.4,0.22,0.28
127,Chile,2015,0.44,0.45,0.45,2.25,2.47,2.46,0.29,0.15,0.2
128,Chile,2017,0.44,0.46,0.46,2.32,2.55,2.54,0.0,0.0,0.0
129,China,2011,0.55,0.51,0.5,5.38,3.86,3.59,0.49,0.74,0.54
130,Costa Rica,2010,0.52,0.47,0.46,3.52,2.73,2.57,0.01,0.0,0.0
131,Costa Rica,2011,0.54,0.48,0.47,4.15,2.87,2.68,0.01,0.0,0.0
132,Costa Rica,2012,0.57,0.48,0.47,4.67,2.93,2.69,0.01,0.0,0.0
133,Costa Rica,2013,0.53,0.49,0.48,3.79,3.09,2.91,0.01,0.0,0.0
134,Costa Rica,2014,0.51,0.48,0.48,3.59,2.98,2.83,0.01,0.0,0.0
135,Costa Rica,2015,0.5,0.48,0.47,3.2,2.85,2.69,0.01,0.0,0.0
136,Costa Rica,2016,0.52,0.48,0.47,3.53,2.94,2.77,0.01,0.0,0.0
137,Costa Rica,2017,0.51,0.48,0.47,3.48,2.88,2.7,0.01,0.0,0.0
138,Costa Rica,2018,0.51,0.48,0.47,3.34,2.85,2.68,0.01,0.0,0.0
139,Costa Rica,2019,0.5,0.48,0.47,3.13,2.83,2.7,0.01,0.0,0.0
140,Costa Rica,2020,0.5,0.5,0.49,3.16,3.14,3.06,0.01,0.0,0.0
141,Costa Rica,2021,0.5,0.49,0.48,3.19,2.98,2.86,0.01,0.0,0.0
142,Czechia,1992,0.19,0.23,0.23,0.68,0.8,0.79,,,
143,Czechia,1996,0.21,0.26,0.25,0.75,0.91,0.88,,,
144,Czechia,2002,0.18,0.26,0.26,0.65,0.92,0.91,,,
145,Czechia,2004,0.2,0.27,0.27,0.69,0.95,0.94,,,
146,Czechia,2005,0.19,0.26,0.26,0.69,0.92,0.9,,,
147,Czechia,2006,0.18,0.26,0.26,0.67,0.91,0.9,,,
148,Czechia,2007,0.19,0.26,0.25,0.68,0.9,0.88,,,
149,Czechia,2008,0.19,0.26,0.26,0.68,0.92,0.91,,,
150,Czechia,2009,0.2,0.26,0.25,0.72,0.9,0.88,,,
151,Czechia,2010,0.2,0.26,0.25,0.71,0.9,0.88,,,
152,Czechia,2011,0.19,0.26,0.26,0.68,0.89,0.89,,,
153,Czechia,2012,0.2,0.25,0.25,0.7,0.87,0.88,,,
154,Czechia,2013,0.19,0.26,0.26,0.66,0.91,0.9,,,
155,Czechia,2014,0.19,0.26,0.26,0.66,0.9,0.88,,,
156,Czechia,2015,0.18,0.26,0.26,0.65,0.89,0.88,,,
157,Czechia,2016,0.18,0.25,0.25,0.65,0.87,0.86,,,
158,Czechia,2017,0.19,0.25,0.24,0.68,0.85,0.82,,,
159,Czechia,2018,0.2,0.25,0.24,0.7,0.85,0.81,,,
160,Czechia,2019,0.2,0.25,0.24,0.7,0.84,0.8,,,
161,Czechia,2020,0.2,0.26,0.25,0.69,0.89,0.87,,,
162,Germany,1985,0.26,0.25,0.25,0.93,0.86,0.82,0.01,0.0,0.0
163,Germany,1990,0.25,0.26,0.25,0.86,0.88,0.86,0.01,0.0,0.0
164,Germany,1992,,0.26,0.26,,,,,,
165,Germany,1993,,0.26,0.26,,,,,,
166,Germany,1994,,0.27,0.27,,,,,,
167,Germany,1995,0.25,0.27,0.27,0.88,0.92,0.93,0.01,0.0,0.0
168,Germany,1996,,0.26,0.26,,,,,,
169,Germany,1997,,0.26,0.26,,,,,,
170,Germany,1998,,0.26,0.26,,,,,,
171,Germany,1999,,0.26,0.26,,,,,,
172,Germany,2000,0.26,0.26,0.26,0.92,0.92,0.91,0.01,0.0,0.0
173,Germany,2001,,0.27,0.27,,,,,,
174,Germany,2002,,0.28,0.28,,,,,,
175,Germany,2003,,0.28,0.29,,,,,,
176,Germany,2004,0.27,0.28,0.29,0.97,1.03,1.05,0.01,0.0,0.01
177,Germany,2005,,0.3,0.3,,,,,,
178,Germany,2006,,0.29,0.29,,,,,,
179,Germany,2007,,0.3,0.3,,,,,,
180,Germany,2008,0.28,0.29,0.29,0.95,1.04,1.05,0.01,0.0,0.0
181,Germany,2009,0.28,0.29,0.29,,1.04,1.05,0.01,0.0,0.0
182,Germany,2010,0.28,0.29,0.28,,1.04,1.03,0.0,0.0,0.0
183,Germany,2011,0.28,0.29,0.3,0.97,1.07,1.09,0.0,0.0,0.0
184,Germany,2012,0.27,0.29,0.29,0.97,1.05,1.07,0.01,0.0,0.01
185,Germany,2013,0.26,0.29,0.3,0.92,1.06,1.1,0.0,0.0,0.0
186,Germany,2014,0.27,0.29,0.29,0.97,1.03,1.06,0.01,0.0,0.01
187,Germany,2015,0.26,0.29,0.3,0.92,1.06,1.1,0.0,0.0,0.01
188,Germany,2016,0.26,0.29,0.3,0.91,1.07,1.1,0.0,0.0,0.0
189,Germany,2017,0.26,0.29,0.3,0.9,1.05,1.08,0.0,0.0,0.0
190,Germany,2018,0.27,0.29,0.29,0.96,1.05,1.07,0.0,0.0,0.01
191,Germany,2019,0.27,0.3,0.3,0.96,1.09,1.1,0.0,0.0,0.01
192,Denmark,1985,0.2,0.22,0.21,,0.73,0.68,0.0,0.0,0.0
193,Denmark,1986,,0.22,0.21,,,,,,
194,Denmark,1987,,0.22,0.21,,,,,,
195,Denmark,1988,,0.22,0.21,,,,,,
196,Denmark,1989,,0.22,0.21,,,,,,
197,Denmark,1990,0.2,0.23,0.22,,0.75,0.71,0.0,0.0,0.0
198,Denmark,1991,,0.22,0.21,,,,,,
199,Denmark,1992,,0.22,0.22,,,,,,
200,Denmark,1993,,0.22,0.22,,,,,,
201,Denmark,1994,,0.22,0.21,,,,,,
202,Denmark,1995,0.19,0.22,0.21,,0.71,0.68,0.0,0.0,0.0
203,Denmark,1996,,0.22,0.21,,,,,,
204,Denmark,1997,,0.22,0.22,,,,,,
205,Denmark,1998,,0.22,0.22,,,,,,
206,Denmark,1999,,0.23,0.22,,,,,,
207,Denmark,2000,0.21,0.23,0.22,,0.77,0.73,0.0,0.0,0.0
208,Denmark,2005,0.21,0.23,0.23,,0.78,0.76,0.0,0.0,0.0
209,Denmark,2006,0.22,0.24,0.23,,0.82,0.78,0.0,0.0,0.0
210,Denmark,2007,0.22,0.25,0.24,,0.85,0.82,0.0,0.0,0.0
211,Denmark,2008,0.21,0.24,0.24,,0.82,0.79,0.0,0.0,0.0
212,Denmark,2009,0.2,0.24,0.23,,0.79,0.77,0.0,0.0,0.0
213,Denmark,2010,0.22,0.25,0.25,,0.87,0.85,0.0,0.0,0.0
214,Denmark,2011,0.22,0.25,0.25,0.78,0.87,0.85,0.0,0.0,0.0
215,Denmark,2012,0.21,0.25,0.25,0.78,0.86,0.85,0.0,0.0,0.0
216,Denmark,2013,0.22,0.25,0.26,0.83,0.88,0.87,0.0,0.0,0.0
217,Denmark,2014,0.22,0.26,0.26,0.83,0.89,0.88,0.0,0.0,0.0
218,Denmark,2015,0.24,0.26,0.26,0.87,0.93,0.92,0.0,0.0,0.0
219,Denmark,2016,0.23,0.26,0.26,0.86,0.91,0.91,0.0,0.0,0.0
220,Denmark,2017,0.24,0.26,0.26,0.88,0.93,0.92,0.0,0.0,0.0
221,Denmark,2018,0.24,0.26,0.26,0.88,0.92,0.91,0.0,0.0,0.0
222,Denmark,2019,0.25,0.27,0.27,0.96,0.95,0.93,0.0,0.0,0.0
223,Spain,2004,0.32,0.33,0.32,1.2,1.26,1.21,,,
224,Spain,2005,0.31,0.32,0.31,1.14,1.21,1.14,,,
225,Spain,2006,0.3,0.32,0.31,1.11,1.16,1.12,,,
226,Spain,2007,0.3,0.31,0.3,1.07,1.14,1.09,,,
227,Spain,2008,0.31,0.33,0.32,1.17,1.24,1.18,,,
228,Spain,2009,0.31,0.33,0.33,1.17,1.28,1.23,,,
229,Spain,2010,0.3,0.34,0.34,1.11,1.32,1.3,,,
230,Spain,2011,0.3,0.34,0.34,1.08,1.32,1.32,,,
231,Spain,2012,0.29,0.33,0.34,1.04,1.28,1.31,,,
232,Spain,2013,0.29,0.34,0.35,1.04,1.35,1.4,,,
233,Spain,2014,0.29,0.34,0.35,1.04,1.34,1.38,,,
234,Spain,2015,0.29,0.34,0.35,1.05,1.36,1.39,,,
235,Spain,2016,0.3,0.34,0.34,1.08,1.32,1.34,,,
236,Spain,2017,0.3,0.33,0.34,1.09,1.27,1.29,,,
237,Spain,2018,0.3,0.33,0.33,1.09,1.26,1.26,,,
238,Spain,2019,0.3,0.32,0.32,1.1,1.19,1.18,,,
239,Spain,2020,0.31,0.33,0.33,1.13,1.25,1.23,,,
240,Estonia,2004,0.26,0.35,0.34,0.95,1.37,1.33,,,
241,Estonia,2005,0.26,0.34,0.33,0.91,1.31,1.27,,,
242,Estonia,2006,0.26,0.34,0.34,0.92,1.33,1.32,,,
243,Estonia,2007,0.26,0.31,0.3,0.92,1.15,1.08,,,
244,Estonia,2008,0.26,0.31,0.3,0.93,1.16,1.1,,,
245,Estonia,2009,0.24,0.31,0.31,0.86,1.12,1.12,,,
246,Estonia,2010,0.23,0.32,0.32,0.8,1.16,1.18,,,
247,Estonia,2011,0.24,0.32,0.32,0.86,1.2,1.2,,,
248,Estonia,2012,0.25,0.33,0.32,0.91,1.23,1.21,,,
249,Estonia,2013,0.26,0.36,0.35,0.99,1.44,1.43,,,
250,Estonia,2014,0.27,0.35,0.34,1.01,1.37,1.31,,,
251,Estonia,2015,0.28,0.33,0.32,1.04,1.25,1.16,,,
252,Estonia,2016,0.28,0.31,0.3,1.05,1.15,1.05,,,
253,Estonia,2017,0.29,0.31,0.29,1.08,1.1,1.0,,,
254,Estonia,2018,0.3,0.3,0.29,1.11,1.09,0.98,,,
255,Estonia,2019,0.3,0.3,0.29,1.11,1.1,1.0,,,
256,Estonia,2020,0.28,0.3,0.29,1.03,1.1,1.01,,,
257,Finland,1986,0.22,0.21,0.21,0.75,0.68,0.67,,,
258,Finland,1987,0.22,0.21,0.21,0.74,0.68,0.67,,,
259,Finland,1988,0.23,0.21,0.21,0.8,0.7,0.69,,,
260,Finland,1989,0.24,0.22,0.21,0.82,0.71,0.69,,,
261,Finland,1990,0.23,0.22,0.21,0.77,0.7,0.69,,,
262,Finland,1991,0.22,0.21,0.21,0.76,0.7,0.7,,,
263,Finland,1992,0.23,0.21,0.21,0.78,0.7,0.7,,,
264,Finland,1993,0.21,0.22,0.22,0.73,0.72,0.73,,,
265,Finland,1994,0.22,0.22,0.22,0.77,0.72,0.73,,,
266,Finland,1995,0.21,0.22,0.23,0.73,0.75,0.77,,,
267,Finland,1996,0.22,0.23,0.23,0.78,0.76,0.78,,,
268,Finland,1997,0.22,0.24,0.24,0.77,0.8,0.82,,,
269,Finland,1998,0.23,0.24,0.25,0.82,0.84,0.84,,,
270,Finland,1999,0.24,0.25,0.25,0.87,0.88,0.89,,,
271,Finland,2000,0.24,0.26,0.26,0.86,0.9,0.9,,,
272,Finland,2001,0.23,0.26,0.26,0.83,0.92,0.93,,,
273,Finland,2002,0.22,0.26,0.26,0.76,0.91,0.93,,,
274,Finland,2003,0.22,0.26,0.27,0.78,0.93,0.95,,,
275,Finland,2004,0.24,0.27,0.27,0.88,0.95,0.96,,,
276,Finland,2005,0.23,0.27,0.27,0.81,0.95,0.94,,,
277,Finland,2006,0.22,0.27,0.27,0.79,0.95,0.96,,,
278,Finland,2007,0.25,0.27,0.27,0.91,0.96,0.96,,,
279,Finland,2008,0.26,0.27,0.26,0.96,0.94,0.92,,,
280,Finland,2009,0.24,0.26,0.26,0.86,0.91,0.91,,,
281,Finland,2010,0.24,0.26,0.27,0.83,0.93,0.94,,,
282,Finland,2011,0.24,0.26,0.27,0.87,0.93,0.94,0.0,0.0,0.0
283,Finland,2012,0.25,0.26,0.26,0.92,0.91,0.9,,,
284,Finland,2013,0.25,0.26,0.26,0.91,0.91,0.9,0.01,0.0,0.0
285,Finland,2014,0.24,0.26,0.26,0.87,0.89,0.9,0.0,0.0,0.0
286,Finland,2015,0.24,0.26,0.27,0.86,0.91,0.93,0.0,0.0,0.0
287,Finland,2016,0.24,0.26,0.26,0.84,0.91,0.93,0.0,0.0,0.0
288,Finland,2017,0.23,0.27,0.28,0.82,0.94,0.98,0.0,0.0,0.0
289,Finland,2018,0.24,0.27,0.28,0.85,0.95,0.98,0.01,0.0,0.0
290,Finland,2019,0.24,0.27,0.28,0.86,0.98,1.0,0.01,0.0,0.0
291,Finland,2020,0.24,0.26,0.27,0.86,0.94,0.96,0.0,0.0,0.0
292,Finland,2021,0.25,0.27,0.27,0.93,0.98,0.97,0.01,0.0,0.0
293,France,1996,0.26,0.28,0.28,0.92,0.98,1.0,,,
294,France,1997,,0.28,0.28,,,,,,
295,France,1998,,0.28,0.28,,,,,,
296,France,1999,,0.28,0.28,,,,,,
297,France,2000,0.28,0.29,0.29,1.04,1.05,1.04,,,
298,France,2001,,0.29,0.29,,,,,,
299,France,2002,,0.28,0.28,,,,,,
300,France,2003,,0.28,0.28,,,,,,
301,France,2004,,0.28,0.28,,,,,,
302,France,2005,0.28,0.29,0.29,1.04,1.06,1.05,,,
303,France,2006,,0.29,0.29,,,,,,
304,France,2007,,0.29,0.29,,,,,,
305,France,2008,0.29,0.29,0.29,1.09,1.09,1.08,,,
306,France,2009,0.29,0.29,0.29,,1.08,1.08,,,
307,France,2010,0.3,0.3,0.3,,1.14,1.13,,,
308,France,2011,0.3,0.31,0.31,1.17,1.18,1.18,,,
309,France,2012,0.29,0.3,0.31,1.1,1.16,1.16,,,
310,France,2013,0.29,0.29,0.29,1.08,1.07,1.06,,,
311,France,2014,0.28,0.29,0.3,1.03,1.08,1.1,,0.0,
312,France,2015,0.28,0.3,0.3,1.04,1.1,1.11,,0.0,
313,France,2016,0.27,0.29,0.3,1.0,1.07,1.09,,0.0,
314,France,2017,0.27,0.29,0.3,0.98,1.08,1.1,,,
315,France,2018,0.28,0.3,0.31,1.02,1.14,1.17,,,
316,France,2019,0.28,0.29,0.3,1.01,1.08,1.09,,,
317,United Kingdom of Great Britain and Northern Ireland,1975,0.26,0.27,0.26,0.94,0.97,0.96,,,
318,United Kingdom of Great Britain and Northern Ireland,1985,0.26,0.31,0.3,0.93,1.19,1.16,,,
319,United Kingdom of Great Britain and Northern Ireland,1990,0.31,0.36,0.35,1.22,1.47,1.41,,,
320,United Kingdom of Great Britain and Northern Ireland,1994,0.28,0.34,0.33,1.02,1.35,1.34,,,
321,United Kingdom of Great Britain and Northern Ireland,1999,0.27,0.34,0.34,,1.35,1.33,,,
322,United Kingdom of Great Britain and Northern Ireland,2000,0.28,0.35,0.35,1.02,1.46,1.44,,,
323,United Kingdom of Great Britain and Northern Ireland,2001,0.28,0.34,0.34,,1.36,1.32,,,
324,United Kingdom of Great Britain and Northern Ireland,2002,0.27,0.34,0.33,1.16,1.33,1.3,,,
325,United Kingdom of Great Britain and Northern Ireland,2003,0.27,0.34,0.33,1.15,1.32,1.3,,,
326,United Kingdom of Great Britain and Northern Ireland,2004,0.27,0.33,0.33,1.2,1.29,1.29,,,
327,United Kingdom of Great Britain and Northern Ireland,2005,0.27,0.34,0.34,1.14,1.32,1.32,,,
328,United Kingdom of Great Britain and Northern Ireland,2006,0.27,0.34,0.34,1.24,1.35,1.33,,,
329,United Kingdom of Great Britain and Northern Ireland,2007,0.28,0.34,0.34,1.28,1.37,1.37,,,
330,United Kingdom of Great Britain and Northern Ireland,2008,0.28,0.34,0.34,1.25,1.37,1.38,,,
331,United Kingdom of Great Britain and Northern Ireland,2009,0.27,0.34,0.35,1.17,1.39,1.43,,,
332,United Kingdom of Great Britain and Northern Ireland,2010,0.26,0.34,0.35,1.2,1.37,1.4,,,
333,United Kingdom of Great Britain and Northern Ireland,2011,0.31,0.35,0.35,1.2,1.47,1.47,,,
334,United Kingdom of Great Britain and Northern Ireland,2012,0.32,0.35,0.35,1.23,1.45,1.43,,,
335,United Kingdom of Great Britain and Northern Ireland,2013,0.32,0.36,0.35,1.27,1.5,1.46,,,
336,United Kingdom of Great Britain and Northern Ireland,2014,0.32,0.36,0.36,1.23,1.49,1.5,,,
337,United Kingdom of Great Britain and Northern Ireland,2015,0.33,0.36,0.36,1.29,1.52,1.52,,,
338,United Kingdom of Great Britain and Northern Ireland,2016,0.33,0.35,0.35,1.28,1.45,1.42,,,
339,United Kingdom of Great Britain and Northern Ireland,2017,0.34,0.36,0.35,1.35,1.48,1.47,,,
340,United Kingdom of Great Britain and Northern Ireland,2018,0.34,0.37,0.36,1.36,1.55,1.52,,,
341,United Kingdom of Great Britain and Northern Ireland,2019,0.33,0.37,0.36,1.31,1.57,1.51,0.0,0.0,0.0
342,United Kingdom of Great Britain and Northern Ireland,2020,0.32,0.36,0.36,1.23,1.47,1.47,,,
343,Greece,1974,0.47,0.43,0.43,2.85,2.13,2.09,0.01,0.01,0.01
344,Greece,1986,0.38,0.35,0.35,1.59,1.41,1.39,0.01,0.0,0.0
345,Greece,1994,0.39,0.35,0.34,1.69,1.41,1.34,0.01,0.0,0.0
346,Greece,1999,0.37,0.36,0.36,1.61,1.48,1.44,0.01,0.0,0.01
347,Greece,2004,0.33,0.34,0.33,1.31,1.31,1.27,0.0,0.0,0.0
348,Greece,2005,0.31,0.35,0.34,1.16,1.39,1.37,,,
349,Greece,2006,0.31,0.34,0.34,1.16,1.35,1.34,,,
350,Greece,2007,0.3,0.33,0.33,1.07,1.27,1.27,,,
351,Greece,2008,0.28,0.33,0.33,1.02,1.28,1.3,,,
352,Greece,2009,0.28,0.33,0.34,1.02,1.3,1.34,,,
353,Greece,2010,0.3,0.34,0.34,1.1,1.32,1.33,,,
354,Greece,2011,0.27,0.34,0.34,0.96,1.29,1.33,,,
355,Greece,2012,0.27,0.34,0.35,0.95,1.34,1.41,,,
356,Greece,2013,0.27,0.34,0.35,0.95,1.34,1.42,,,
357,Greece,2014,0.27,0.34,0.35,0.96,1.32,1.39,,,
358,Greece,2015,0.27,0.34,0.35,0.92,1.33,1.43,,,
359,Greece,2016,0.28,0.33,0.34,0.99,1.29,1.37,,,
360,Greece,2017,0.27,0.32,0.33,0.93,1.2,1.28,,,
361,Greece,2018,0.26,0.31,0.32,0.91,1.12,1.18,,,
362,Greece,2019,0.27,0.31,0.32,0.96,1.16,1.21,,,
363,Greece,2020,0.28,0.32,0.33,1.01,1.21,1.26,,,
364,Croatia,2009,0.31,0.31,0.31,1.17,1.14,1.1,,,
365,Croatia,2010,0.31,0.31,0.3,1.13,1.11,1.09,,,
366,Croatia,2011,0.3,0.3,0.3,1.1,1.09,1.06,,,
367,Croatia,2012,0.3,0.3,0.3,1.07,1.07,1.06,,,
368,Croatia,2013,0.29,0.3,0.3,1.03,1.04,1.03,,,
369,Croatia,2014,0.29,0.3,0.3,1.03,1.06,1.06,,,
370,Croatia,2015,0.29,0.29,0.29,1.02,1.03,1.02,,,
371,Croatia,2016,0.31,0.3,0.29,1.1,1.05,1.01,,,
372,Croatia,2017,0.3,0.3,0.29,1.1,1.05,1.01,,,
373,Croatia,2018,0.3,0.29,0.28,1.06,1.04,0.99,,,
374,Croatia,2019,0.3,0.28,0.27,1.07,0.98,0.92,,,
375,Croatia,2020,0.3,0.29,0.28,1.06,1.02,0.95,,,
376,Hungary,1991,0.27,0.27,0.27,1.01,0.97,0.94,0.01,0.0,0.0
377,Hungary,1992,,0.28,0.28,,,,,,
378,Hungary,1993,,0.3,0.3,,,,,,
379,Hungary,1994,,0.3,0.3,,,,,,
380,Hungary,1995,0.24,0.29,0.3,0.85,1.07,1.09,0.01,0.0,0.01
381,Hungary,1996,,0.29,0.3,,,,,,
382,Hungary,1997,,0.28,0.28,,,,,,
383,Hungary,1998,,0.28,0.29,,,,,,
384,Hungary,1999,,0.29,0.3,,,,,,
385,Hungary,2000,0.23,0.29,0.3,0.82,1.06,1.08,0.01,0.0,0.01
386,Hungary,2003,,0.3,0.31,,,,,,
387,Hungary,2005,0.22,0.29,0.3,0.77,1.08,1.12,0.01,0.0,0.01
388,Hungary,2006,0.21,0.26,0.27,0.71,0.93,0.96,,,
389,Hungary,2007,0.2,0.27,0.28,0.68,0.98,1.01,0.01,0.0,0.01
390,Hungary,2008,0.2,0.25,0.25,0.68,0.84,0.86,,,
391,Hungary,2009,0.2,0.27,0.28,0.66,0.95,0.99,0.0,0.0,0.0
392,Hungary,2010,0.21,0.27,0.27,0.71,0.92,0.95,,,
393,Hungary,2011,0.2,0.27,0.28,0.7,0.95,0.97,,,
394,Hungary,2012,0.22,0.29,0.29,0.73,1.04,1.04,0.01,0.0,0.0
395,Hungary,2013,0.21,0.29,0.3,0.72,1.03,1.09,,,
396,Hungary,2014,0.23,0.28,0.29,0.79,0.99,1.02,0.01,0.01,0.01
397,Hungary,2015,0.23,0.28,0.29,0.8,1.01,1.04,,,
398,Hungary,2016,0.26,0.28,0.29,0.88,0.99,1.01,,,
399,Hungary,2017,0.26,0.29,0.29,0.89,1.04,1.06,,,
400,Hungary,2018,0.23,0.28,0.29,0.78,0.98,1.02,,,
401,Hungary,2019,0.3,0.29,0.28,1.13,1.02,0.99,,,
402,Hungary,2020,0.24,0.28,0.28,0.86,0.99,1.0,,,
403,India,2004,0.53,0.48,0.48,3.81,2.88,2.84,,,
404,India,2011,0.54,0.5,0.49,4.01,3.09,3.05,,,
405,Ireland,2004,0.27,0.32,0.31,0.94,1.25,1.18,,,
406,Ireland,2005,0.27,0.32,0.32,0.98,1.25,1.24,,,
407,Ireland,2006,0.27,0.32,0.31,0.93,1.19,1.15,,,
408,Ireland,2007,0.29,0.3,0.29,1.05,1.12,1.06,,,
409,Ireland,2008,0.29,0.3,0.29,1.07,1.06,1.04,,,
410,Ireland,2009,0.28,0.31,0.32,1.0,1.16,1.17,,,
411,Ireland,2010,0.29,0.3,0.3,1.03,1.07,1.08,,,
412,Ireland,2011,0.3,0.3,0.3,1.1,1.09,1.12,,,
413,Ireland,2012,0.29,0.3,0.31,1.06,1.1,1.14,,,
414,Ireland,2013,0.28,0.31,0.32,0.99,1.14,1.19,,,
415,Ireland,2014,0.28,0.3,0.3,1.01,1.09,1.09,,,
416,Ireland,2015,0.28,0.3,0.3,0.97,1.1,1.11,,,
417,Ireland,2016,0.28,0.31,0.31,1.02,1.15,1.16,,,
418,Ireland,2017,0.28,0.3,0.29,0.99,1.08,1.06,,,
419,Ireland,2018,0.28,0.29,0.29,1.01,1.07,1.07,,,
420,Ireland,2019,0.3,0.29,0.29,1.11,1.08,1.06,,,
421,Ireland,2020,0.28,0.28,0.28,1.04,1.01,1.01,,,
422,Iceland,2004,0.23,0.26,0.27,0.78,0.92,0.94,,,
423,Iceland,2005,0.24,0.27,0.28,0.88,0.98,1.0,,,
424,Iceland,2006,0.27,0.29,0.29,0.99,1.08,1.06,,,
425,Iceland,2007,0.27,0.28,0.28,1.0,1.04,1.03,,,
426,Iceland,2008,0.33,0.3,0.3,1.33,1.17,1.17,,,
427,Iceland,2009,0.3,0.27,0.27,1.15,0.94,0.95,,,
428,Iceland,2010,0.24,0.24,0.25,0.88,0.84,0.84,,,
429,Iceland,2011,0.25,0.25,0.25,0.9,0.85,0.85,,,
430,Iceland,2012,0.24,0.25,0.25,0.83,0.87,0.87,,,
431,Iceland,2013,0.22,0.24,0.24,0.77,0.82,0.83,,,
432,Iceland,2014,0.24,0.25,0.24,0.84,0.83,0.81,,,
433,Iceland,2015,0.27,0.26,0.26,1.0,0.89,0.89,,,
434,Iceland,2016,0.28,0.26,0.26,1.06,0.94,0.92,,,
435,Iceland,2017,0.28,0.25,0.25,1.02,0.87,0.86,,,
436,Israel,1985,0.35,0.33,0.32,1.4,1.19,1.19,,,
437,Israel,1990,0.31,0.33,0.32,1.39,1.21,1.18,,,
438,Israel,1995,0.38,0.34,0.33,1.5,1.28,1.24,,,
439,Israel,2000,0.37,0.35,0.34,1.43,1.33,1.3,,,
440,Israel,2005,0.39,0.38,0.37,1.55,1.63,1.54,,,
441,Israel,2008,0.4,0.37,0.36,1.64,1.62,1.51,,,
442,Israel,2009,0.38,0.37,0.37,,1.65,1.53,0.03,0.02,0.0
443,Israel,2010,0.38,0.38,0.37,,1.62,1.52,0.01,0.01,0.01
444,Israel,2011,0.37,0.38,0.36,2.17,1.55,1.43,0.01,0.0,0.01
445,Israel,2012,0.38,0.37,0.36,1.74,1.56,1.46,0.01,0.01,0.01
446,Israel,2013,0.4,0.36,0.34,1.83,1.49,1.36,0.03,0.01,0.01
447,Israel,2014,0.39,0.36,0.35,1.82,1.53,1.45,0.03,0.01,0.01
448,Israel,2015,0.38,0.36,0.35,1.66,1.49,1.42,0.07,0.01,0.01
449,Israel,2016,0.37,0.35,0.34,1.57,1.38,1.32,0.02,0.01,0.01
450,Israel,2017,0.36,0.34,0.33,1.49,1.34,1.26,0.02,0.02,0.01
451,Israel,2018,0.38,0.35,0.33,1.78,1.38,1.26,0.03,0.01,0.01
452,Israel,2019,0.36,0.34,0.33,1.46,1.31,1.23,0.03,0.01,0.01
453,Israel,2020,0.35,0.34,0.34,1.39,1.27,1.23,0.03,0.01,0.01
454,Italy,1984,0.3,0.29,0.29,1.09,1.02,1.02,,,
455,Italy,1991,0.29,0.28,0.27,1.08,0.96,0.93,,,
456,Italy,1995,0.31,0.33,0.32,1.19,1.25,1.24,,,
457,Italy,2000,0.33,0.32,0.32,1.28,1.22,1.2,,,
458,Italy,2004,0.3,0.33,0.32,1.12,1.29,1.26,0.01,0.0,0.0
459,Italy,2005,0.31,0.32,0.32,1.18,1.23,1.21,,,
460,Italy,2006,0.31,0.32,0.32,1.18,1.24,1.21,,,
461,Italy,2007,0.3,0.31,0.31,1.1,1.16,1.14,,,
462,Italy,2008,0.31,0.32,0.31,1.19,1.19,1.16,,,
463,Italy,2009,0.29,0.32,0.31,1.06,1.17,1.16,,,
464,Italy,2010,0.3,0.32,0.32,1.09,1.21,1.22,,,
465,Italy,2011,0.3,0.33,0.33,1.11,1.25,1.27,,,
466,Italy,2012,0.3,0.33,0.33,1.11,1.27,1.3,,,
467,Italy,2013,0.3,0.32,0.33,1.11,1.23,1.25,,,
468,Italy,2014,0.3,0.33,0.33,1.11,1.24,1.26,,,
469,Italy,2015,0.31,0.33,0.34,1.14,1.28,1.32,,,
470,Italy,2016,0.31,0.33,0.33,1.15,1.25,1.27,,,
471,Italy,2017,0.31,0.33,0.34,1.17,1.3,1.34,,,
472,Italy,2018,0.32,0.33,0.33,1.19,1.26,1.28,,,
473,Italy,2019,0.32,0.32,0.33,1.21,1.24,1.25,,,
474,Italy,2020,0.32,0.33,0.33,1.25,1.27,1.27,,,
475,Japan,1985,0.37,0.3,0.3,1.57,1.13,1.13,,,
476,Japan,1995,0.37,0.32,0.32,1.56,1.22,1.19,,,
477,Japan,2000,0.36,0.34,0.33,1.51,1.34,1.32,,,
478,Japan,2003,0.34,0.32,0.31,1.35,1.19,1.15,,,
479,Japan,2006,0.35,0.33,0.32,1.39,1.25,1.21,,,
480,Japan,2009,0.34,0.34,0.33,,1.3,1.27,0.0,0.0,0.0
481,Japan,2012,0.34,0.33,0.32,,1.25,1.22,,,
482,Japan,2015,0.35,0.34,0.33,,1.32,1.27,0.38,0.36,0.35
483,Japan,2018,0.34,0.33,0.32,1.33,1.28,1.22,0.0,0.0,0.0
484,Republic of Korea,2006,0.39,0.31,0.3,,1.1,1.04,0.01,0.0,0.0
485,Republic of Korea,2007,0.39,0.31,0.3,,1.13,1.06,0.0,0.0,0.0
486,Republic of Korea,2008,0.41,0.31,0.3,,1.14,1.06,0.01,0.0,0.0
487,Republic of Korea,2009,0.41,0.31,0.3,,1.14,1.07,0.01,0.0,0.0
488,Republic of Korea,2010,0.41,0.31,0.3,,1.12,1.05,0.01,0.0,0.0
489,Republic of Korea,2011,0.42,0.31,0.29,2.58,1.13,1.03,0.01,0.0,0.0
490,Republic of Korea,2012,0.43,0.31,0.29,2.55,1.71,1.58,0.01,0.0,0.0
491,Republic of Korea,2013,0.45,0.37,0.36,2.48,1.59,1.48,0.0,0.01,0.01
492,Republic of Korea,2014,0.45,0.36,0.35,2.44,1.51,1.4,0.01,0.0,0.0
493,Republic of Korea,2015,0.43,0.35,0.34,2.15,1.42,1.31,0.01,0.0,0.0
494,Republic of Korea,2016,0.42,0.36,0.34,2.13,1.45,1.32,0.01,0.0,0.0
495,Republic of Korea,2017,0.42,0.35,0.34,2.07,1.44,1.31,0.01,0.0,0.0
496,Republic of Korea,2018,0.41,0.34,0.32,1.91,1.36,1.22,0.01,0.0,0.0
497,Republic of Korea,2019,0.39,0.34,0.32,1.73,1.32,1.18,0.01,0.0,0.0
498,Republic of Korea,2020,0.38,0.33,0.31,1.62,1.28,1.16,0.01,0.0,0.0
499,Lithuania,2004,0.27,0.37,0.37,1.0,1.53,1.57,,,
500,Lithuania,2005,0.28,0.35,0.35,1.04,1.42,1.4,,,
501,Lithuania,2006,0.29,0.34,0.33,1.11,1.33,1.29,,,
502,Lithuania,2007,0.32,0.34,0.34,1.22,1.38,1.35,,,
503,Lithuania,2008,0.31,0.36,0.36,1.21,1.53,1.52,,,
504,Lithuania,2009,0.27,0.37,0.38,1.0,1.58,1.66,,,
505,Lithuania,2010,0.26,0.34,0.34,0.93,1.28,1.33,,,
506,Lithuania,2011,0.27,0.33,0.33,0.97,1.23,1.23,,,
507,Lithuania,2012,0.29,0.35,0.35,1.1,1.43,1.45,,,
508,Lithuania,2013,0.3,0.35,0.35,1.14,1.43,1.42,,,
509,Lithuania,2014,0.3,0.38,0.37,1.15,1.66,1.63,,,
510,Lithuania,2015,0.32,0.37,0.37,1.23,1.59,1.55,,,
511,Lithuania,2016,0.34,0.38,0.37,1.38,1.64,1.6,,,
512,Lithuania,2017,0.34,0.37,0.36,1.4,1.61,1.51,,,
513,Lithuania,2018,0.32,0.36,0.35,1.26,1.49,1.41,,,
514,Lithuania,2019,0.32,0.36,0.35,1.25,1.48,1.39,,,
515,Lithuania,2020,0.31,0.36,0.35,1.16,1.48,1.44,,,
516,Luxembourg,1986,0.26,0.25,0.24,0.92,0.84,0.81,,0.0,0.0
517,Luxembourg,1996,0.25,0.26,0.26,0.86,0.9,0.9,,0.0,0.02
518,Luxembourg,2001,0.25,0.26,0.26,0.88,0.91,0.91,,0.0,
519,Luxembourg,2004,0.23,0.26,0.26,0.8,0.91,0.9,,,
520,Luxembourg,2005,0.22,0.28,0.28,0.76,1.01,1.03,,,
521,Luxembourg,2006,0.23,0.27,0.28,0.82,0.97,0.98,,,
522,Luxembourg,2007,0.23,0.28,0.28,0.8,0.99,1.0,,,
523,Luxembourg,2008,0.23,0.29,0.29,0.8,1.06,1.08,,,
524,Luxembourg,2009,0.23,0.28,0.28,0.79,0.98,1.0,,,
525,Luxembourg,2010,0.23,0.27,0.27,0.79,0.94,0.95,,,
526,Luxembourg,2011,0.26,0.28,0.28,0.89,0.97,0.96,,,
527,Luxembourg,2012,0.28,0.3,0.3,1.01,1.1,1.09,,,
528,Luxembourg,2013,0.25,0.28,0.28,0.85,0.98,0.96,,,
529,Luxembourg,2014,0.24,0.28,0.29,0.82,1.01,1.02,,,
530,Luxembourg,2015,0.28,0.31,0.31,1.01,1.12,1.13,,,
531,Luxembourg,2016,0.28,0.3,0.31,1.02,1.11,1.13,,,
532,Luxembourg,2017,0.31,0.33,0.33,1.14,1.22,1.24,,,
533,Luxembourg,2018,0.27,0.32,0.32,0.94,1.2,1.22,,,
534,Luxembourg,2019,0.26,0.3,0.31,0.91,1.11,1.14,,,
535,Luxembourg,2020,0.27,0.29,0.29,0.91,1.03,1.03,,,
536,Latvia,2004,0.29,0.36,0.37,1.07,1.52,1.55,,,
537,Latvia,2005,0.33,0.39,0.39,1.32,1.78,1.73,,,
538,Latvia,2006,0.35,0.36,0.35,1.4,1.47,1.4,,,
539,Latvia,2007,0.39,0.38,0.36,1.66,1.68,1.52,,,
540,Latvia,2008,0.37,0.38,0.37,1.56,1.67,1.56,,,
541,Latvia,2009,0.3,0.36,0.36,1.13,1.49,1.5,,,
542,Latvia,2010,0.28,0.36,0.36,1.05,1.42,1.44,,,
543,Latvia,2011,0.29,0.36,0.36,1.07,1.49,1.5,,,
544,Latvia,2012,0.3,0.36,0.35,1.13,1.43,1.42,,,
545,Latvia,2013,0.31,0.36,0.35,1.18,1.49,1.43,,,
546,Latvia,2014,0.32,0.35,0.34,1.22,1.41,1.33,,,
547,Latvia,2015,0.33,0.35,0.34,1.29,1.38,1.32,,,
548,Latvia,2016,0.34,0.35,0.33,1.38,1.37,1.27,,,
549,Latvia,2017,0.36,0.36,0.34,1.46,1.44,1.35,,,
550,Latvia,2018,0.36,0.35,0.34,1.5,1.42,1.31,,,
551,Latvia,2019,0.34,0.34,0.33,1.35,1.38,1.3,,,
552,Latvia,2020,0.37,0.36,0.34,1.6,1.46,1.37,,,
553,Latvia,2021,0.34,0.34,0.34,1.37,1.36,1.32,,,
554,Mexico,1984,0.49,0.45,0.45,3.28,2.48,2.41,0.02,0.01,0.01
555,Mexico,1989,,0.5,,,,,,,
556,Mexico,1992,,0.51,,,,,,,
557,Mexico,1994,0.55,0.52,0.52,4.48,3.56,3.55,0.02,0.01,0.01
558,Mexico,1996,,0.5,,,,,,,
559,Mexico,1998,,0.51,,,,,,,
560,Mexico,2000,0.56,0.51,0.5,4.5,3.36,3.26,0.02,0.01,0.01
561,Mexico,2002,,0.49,,,,,,,
562,Mexico,2004,0.56,0.47,0.47,4.4,2.75,2.69,0.04,0.01,0.01
563,Mexico,2005,,0.49,,,,,,,
564,Mexico,2006,,0.47,,,,,,,
565,Mexico,2008,0.52,0.48,0.47,,2.8,2.72,0.01,0.01,0.01
566,Mexico,2010,0.51,0.47,0.46,,2.66,2.6,0.01,0.0,0.0
567,Mexico,2012,0.54,0.48,0.48,3.5,2.93,2.85,0.02,0.01,0.01
568,Mexico,2014,0.48,0.46,0.46,2.89,2.54,2.59,0.01,0.01,0.01
569,Mexico,2016,0.5,0.46,0.47,3.23,2.53,2.65,0.01,0.02,0.02
570,Mexico,2018,0.47,0.42,0.42,2.79,2.04,2.02,0.01,0.0,0.0
571,Mexico,2020,0.45,0.42,0.42,2.43,2.07,2.04,0.01,0.0,0.0
572,Netherlands (Kingdom of the),1977,0.27,0.26,0.26,0.97,0.97,0.96,,,
573,Netherlands (Kingdom of the),1985,0.26,0.27,0.27,0.95,1.0,1.0,,,
574,Netherlands (Kingdom of the),1990,0.29,0.29,0.29,1.05,1.08,1.07,,,
575,Netherlands (Kingdom of the),1995,0.27,0.3,0.3,0.98,1.09,1.1,,,
576,Netherlands (Kingdom of the),2000,0.26,0.29,0.29,0.95,1.08,1.08,0.01,0.0,0.0
577,Netherlands (Kingdom of the),2005,0.26,0.28,0.28,,1.02,1.02,0.0,0.0,0.0
578,Netherlands (Kingdom of the),2006,0.24,0.28,0.28,,1.01,1.02,0.0,0.0,0.0
579,Netherlands (Kingdom of the),2007,0.25,0.3,0.3,,1.1,1.11,0.0,0.0,0.0
580,Netherlands (Kingdom of the),2008,0.24,0.29,0.29,,1.04,1.05,0.0,0.0,0.0
581,Netherlands (Kingdom of the),2009,0.24,0.28,0.29,,1.02,1.04,0.0,0.0,0.0
582,Netherlands (Kingdom of the),2010,0.24,0.28,0.29,0.85,1.02,1.03,0.0,0.0,0.0
583,Netherlands (Kingdom of the),2011,0.24,0.29,0.3,0.86,1.09,1.1,0.0,0.0,0.0
584,Netherlands (Kingdom of the),2012,0.28,0.28,0.28,0.88,0.99,1.01,0.0,0.0,0.0
585,Netherlands (Kingdom of the),2013,0.24,0.29,0.29,0.87,1.05,1.05,0.0,0.0,0.0
586,Netherlands (Kingdom of the),2014,0.26,0.3,0.31,0.96,1.16,1.16,0.0,0.0,0.0
587,Netherlands (Kingdom of the),2015,0.26,0.3,0.31,0.85,1.06,1.06,,,
588,Netherlands (Kingdom of the),2016,0.24,0.29,0.29,0.86,1.07,1.07,,,
589,Netherlands (Kingdom of the),2017,0.26,0.3,0.3,0.94,1.11,1.11,,,
590,Netherlands (Kingdom of the),2018,0.24,0.3,0.3,0.88,1.09,1.09,,,
591,Netherlands (Kingdom of the),2019,0.27,0.31,0.31,1.0,1.21,1.2,,,
592,Netherlands (Kingdom of the),2020,0.25,0.3,0.3,0.88,1.09,1.09,,,
593,Netherlands (Kingdom of the),2021,0.25,0.3,0.3,0.89,1.1,1.1,,,
594,Norway,1986,0.22,0.22,0.21,0.74,0.73,0.69,,,
595,Norway,1995,0.24,0.24,0.24,0.86,0.83,0.79,,,
596,Norway,2000,0.22,0.26,0.26,0.75,0.93,0.93,,,
597,Norway,2004,0.25,0.28,0.28,0.91,1.02,1.05,0.02,0.01,0.01
598,Norway,2008,0.22,0.25,0.26,0.77,0.85,0.87,,,
599,Norway,2009,0.21,0.24,0.25,0.72,0.83,0.85,,,
600,Norway,2010,0.21,0.25,0.26,0.73,0.84,0.87,,,
601,Norway,2011,0.21,0.25,0.26,0.74,0.85,0.88,,,
602,Norway,2012,0.22,0.25,0.26,0.75,0.86,0.9,,,
603,Norway,2013,0.22,0.25,0.26,0.75,0.86,0.89,,,
604,Norway,2014,0.22,0.26,0.27,0.77,0.88,0.92,,,
605,Norway,2015,0.24,0.27,0.28,0.84,0.96,1.01,,,
606,Norway,2016,0.23,0.26,0.27,0.79,0.91,0.94,,,
607,Norway,2017,0.22,0.26,0.27,0.78,0.9,0.94,,,
608,Norway,2018,0.23,0.26,0.27,0.79,0.9,0.95,,,
609,Norway,2019,0.22,0.26,0.27,0.78,0.9,0.94,,,
610,Norway,2020,0.22,0.26,0.28,0.79,0.91,0.95,,,
611,Norway,2021,0.25,0.28,0.3,0.91,1.04,1.09,,,
612,New Zealand,1985,0.24,0.27,0.26,0.83,0.92,0.87,,,
613,New Zealand,1990,0.26,0.32,0.31,0.94,1.2,1.17,,,
614,New Zealand,1995,0.24,0.34,0.33,0.91,1.31,1.27,,,
615,New Zealand,2000,0.28,0.34,0.33,1.05,1.33,1.28,,,
616,New Zealand,2003,0.23,0.34,0.33,0.81,1.3,1.26,,,
617,New Zealand,2006,0.31,0.33,0.32,1.13,1.27,1.21,0.01,0.0,0.0
618,New Zealand,2007,0.32,0.33,0.32,1.22,1.27,1.22,0.01,0.0,0.0
619,New Zealand,2008,0.3,0.33,0.32,1.15,1.3,1.24,0.01,0.0,0.0
620,New Zealand,2009,0.37,0.32,0.31,1.14,1.24,1.16,0.01,0.0,0.0
621,New Zealand,2010,0.33,0.34,0.33,1.24,1.29,1.24,0.01,0.0,0.0
622,New Zealand,2011,0.34,0.32,0.31,1.2,1.22,1.15,0.01,0.0,0.0
623,New Zealand,2012,0.32,0.34,0.33,1.21,1.29,1.23,0.01,0.0,0.0
624,New Zealand,2013,0.32,0.34,0.33,1.21,1.34,1.28,0.01,0.0,0.0
625,New Zealand,2014,0.34,0.34,0.33,1.29,1.34,1.28,0.0,0.0,0.0
626,New Zealand,2015,0.31,0.32,0.32,1.11,1.22,1.18,0.0,0.0,0.0
627,New Zealand,2016,0.34,0.33,0.32,1.35,1.28,1.17,0.01,0.0,0.0
628,New Zealand,2017,0.36,0.34,0.32,1.47,1.31,1.2,0.01,0.0,0.0
629,New Zealand,2018,0.34,0.33,0.32,1.31,1.28,1.21,0.0,0.0,0.0
630,New Zealand,2019,0.33,0.33,0.32,1.3,1.25,1.17,0.01,0.0,0.0
631,New Zealand,2020,0.31,0.32,0.31,1.18,1.2,1.14,0.0,0.0,0.0
632,Poland,2005,0.26,0.33,0.33,0.89,1.25,1.29,,,
633,Poland,2006,0.24,0.32,0.32,0.84,1.2,1.24,,,
634,Poland,2007,0.26,0.32,0.32,0.88,1.21,1.23,,,
635,Poland,2008,0.26,0.31,0.31,0.89,1.16,1.16,,,
636,Poland,2009,0.26,0.31,0.31,0.92,1.13,1.14,,,
637,Poland,2010,0.26,0.31,0.31,0.92,1.14,1.16,,,
638,Poland,2011,0.26,0.3,0.31,0.89,1.11,1.12,,,
639,Poland,2012,0.25,0.3,0.3,0.86,1.09,1.12,,,
640,Poland,2013,0.25,0.3,0.31,0.88,1.1,1.12,,,
641,Poland,2014,0.26,0.3,0.3,0.88,1.07,1.09,,,
642,Poland,2015,0.25,0.29,0.3,0.84,1.03,1.04,,,
643,Poland,2016,0.25,0.28,0.29,0.87,1.01,1.03,,,
644,Poland,2017,0.25,0.28,0.28,0.86,0.95,0.98,,,
645,Poland,2018,0.26,0.28,0.28,0.91,0.99,1.01,,,
646,Poland,2019,0.25,0.27,0.27,0.87,0.93,0.93,,,
647,Poland,2020,0.26,0.26,0.27,0.87,0.91,0.91,,,
648,Portugal,2004,0.37,0.38,0.38,1.63,1.7,1.64,,,
649,Portugal,2005,0.37,0.38,0.37,1.61,1.65,1.59,,,
650,Portugal,2006,0.37,0.37,0.37,1.63,1.58,1.54,,,
651,Portugal,2007,0.35,0.36,0.36,1.45,1.54,1.48,,,
652,Portugal,2008,0.35,0.36,0.35,1.44,1.49,1.44,,,
653,Portugal,2009,0.34,0.34,0.33,1.41,1.36,1.31,,,
654,Portugal,2010,0.35,0.34,0.34,1.44,1.39,1.36,,,
655,Portugal,2011,0.35,0.34,0.34,1.42,1.36,1.34,,,
656,Portugal,2012,0.33,0.34,0.34,1.34,1.36,1.37,,,
657,Portugal,2013,0.33,0.34,0.35,1.28,1.37,1.4,,,
658,Portugal,2014,0.32,0.34,0.34,1.24,1.34,1.35,,,
659,Portugal,2015,0.34,0.34,0.33,1.38,1.31,1.3,,,
660,Portugal,2016,0.35,0.33,0.33,1.41,1.3,1.27,,,
661,Portugal,2017,0.34,0.32,0.31,1.35,1.22,1.18,,,
662,Portugal,2018,0.34,0.32,0.31,1.34,1.21,1.16,,,
663,Portugal,2019,0.32,0.31,0.3,1.24,1.16,1.13,,,
664,Portugal,2020,0.34,0.33,0.32,1.39,1.25,1.21,,,
665,Romania,2006,0.34,0.38,0.37,1.36,1.67,1.59,,,
666,Romania,2007,0.32,0.36,0.35,1.21,1.48,1.42,,,
667,Romania,2008,0.3,0.35,0.34,1.1,1.39,1.36,,,
668,Romania,2009,0.29,0.33,0.33,1.02,1.27,1.25,,,
669,Romania,2010,0.29,0.34,0.34,1.04,1.31,1.3,,,
670,Romania,2011,0.3,0.34,0.34,1.07,1.29,1.29,,,
671,Romania,2012,0.31,0.34,0.34,1.13,1.34,1.32,,,
672,Romania,2013,0.32,0.35,0.34,1.2,1.36,1.33,,,
673,Romania,2014,0.38,0.37,0.36,1.71,1.58,1.49,,,
674,Romania,2015,0.3,0.35,0.34,1.03,1.35,1.33,,,
675,Romania,2016,0.3,0.33,0.33,1.05,1.25,1.22,,,
676,Romania,2017,0.3,0.35,0.35,1.1,1.39,1.35,,,
677,Romania,2018,0.3,0.35,0.35,1.1,1.39,1.34,,,
678,Romania,2019,0.31,0.34,0.34,1.12,1.3,1.26,,,
679,Romania,2020,0.31,0.34,0.34,1.14,1.32,1.27,,,
680,Russian Federation,2008,0.37,0.43,0.42,1.64,2.15,2.06,0.0,0.0,0.0
681,Russian Federation,2010,0.33,0.4,0.39,,1.83,1.8,0.0,0.0,0.0
682,Russian Federation,2011,0.32,0.38,0.37,1.25,1.59,1.56,0.01,0.01,0.01
683,Russian Federation,2016,0.29,0.33,0.32,1.06,1.28,1.24,0.01,0.01,0.01
684,Russian Federation,2017,0.29,0.32,0.31,1.08,1.19,1.15,0.01,0.0,0.0
685,Slovakia,2004,0.2,0.27,0.27,0.72,0.93,0.92,,,
686,Slovakia,2005,0.26,0.29,0.28,0.97,1.07,1.02,,,
687,Slovakia,2006,0.2,0.25,0.24,0.71,0.84,0.82,,,
688,Slovakia,2007,0.2,0.24,0.24,0.71,0.82,0.8,,,
689,Slovakia,2008,0.2,0.26,0.25,0.71,0.87,0.86,,,
690,Slovakia,2009,0.19,0.26,0.26,0.64,0.9,0.9,,,
691,Slovakia,2010,0.22,0.26,0.26,0.81,0.89,0.87,,,
692,Slovakia,2011,0.2,0.26,0.26,0.68,0.88,0.86,,,
693,Slovakia,2012,0.19,0.25,0.25,0.65,0.82,0.81,,,
694,Slovakia,2013,0.19,0.27,0.27,0.65,0.93,0.93,,,
695,Slovakia,2014,0.19,0.25,0.24,0.65,0.81,0.79,,,
696,Slovakia,2015,0.2,0.25,0.25,0.67,0.83,0.83,,,
697,Slovakia,2016,0.2,0.24,0.24,0.66,0.78,0.77,,,
698,Slovakia,2017,0.2,0.22,0.22,0.65,0.7,0.68,,,
699,Slovakia,2018,0.2,0.24,0.23,0.68,0.76,0.74,,,
700,Slovakia,2019,0.21,0.22,0.22,0.68,0.71,0.68,,,
701,Slovenia,2004,0.27,0.25,0.24,0.9,0.82,0.81,,,
702,Slovenia,2005,0.26,0.25,0.24,0.88,0.82,0.81,,,
703,Slovenia,2006,0.26,0.24,0.24,0.87,0.8,0.79,,,
704,Slovenia,2007,0.26,0.24,0.24,0.9,0.8,0.78,,,
705,Slovenia,2008,0.26,0.24,0.23,0.89,0.78,0.76,,,
706,Slovenia,2009,0.26,0.25,0.24,0.89,0.82,0.81,,,
707,Slovenia,2010,0.26,0.25,0.24,0.89,0.82,0.81,,,
708,Slovenia,2011,0.26,0.24,0.24,0.85,0.81,0.81,,,
709,Slovenia,2012,0.26,0.25,0.25,0.88,0.84,0.83,,,
710,Slovenia,2013,0.26,0.26,0.26,0.88,0.86,0.86,,,
711,Slovenia,2014,0.25,0.25,0.25,0.85,0.85,0.85,,,
712,Slovenia,2015,0.26,0.25,0.25,0.89,0.84,0.83,,,
713,Slovenia,2016,0.25,0.24,0.24,0.85,0.81,0.8,,,
714,Slovenia,2017,0.26,0.24,0.24,0.88,0.81,0.8,,,
715,Slovenia,2018,0.25,0.25,0.25,0.86,0.85,0.83,,,
716,Slovenia,2019,0.25,0.25,0.24,0.86,0.83,0.83,,,
717,Slovenia,2020,0.24,0.24,0.24,0.84,0.8,0.79,,,
718,Sweden,1975,0.21,0.21,0.2,0.74,0.7,0.65,0.01,0.0,0.0
719,Sweden,1983,0.18,0.2,0.2,0.64,0.65,0.63,0.01,0.0,0.0
720,Sweden,1991,0.21,0.21,0.2,0.71,0.69,0.67,0.01,0.0,0.0
721,Sweden,1995,0.2,0.21,0.22,0.68,0.7,0.71,0.0,0.0,0.0
722,Sweden,2000,0.22,0.24,0.24,0.74,0.83,0.82,0.0,0.0,0.0
723,Sweden,2004,0.22,0.23,0.24,0.75,0.79,0.79,0.0,0.0,0.0
724,Sweden,2008,0.26,0.26,0.26,0.92,0.89,0.88,0.0,0.0,0.0
725,Sweden,2009,0.26,0.27,0.27,,0.93,0.92,,,
726,Sweden,2010,0.26,0.27,0.27,,0.94,0.94,,,
727,Sweden,2011,0.28,0.27,0.27,1.05,0.96,0.92,,,
728,Sweden,2012,0.28,0.27,0.27,1.01,0.96,0.94,,,
729,Sweden,2013,0.27,0.27,0.26,0.99,0.93,0.9,0.0,0.0,0.0
730,Sweden,2014,0.28,0.27,0.26,1.04,0.96,0.91,,,
731,Sweden,2015,0.29,0.28,0.27,1.08,0.98,0.93,,,
732,Sweden,2016,0.3,0.28,0.27,1.12,1.01,0.95,,,
733,Sweden,2017,0.3,0.28,0.27,1.12,1.02,0.96,0.0,0.0,0.0
734,Sweden,2018,0.28,0.27,0.26,1.05,0.97,0.92,,,
735,Sweden,2019,0.29,0.28,0.27,1.06,0.99,0.94,,,
736,Sweden,2020,0.28,0.28,0.27,1.03,0.98,0.95,,,
737,Sweden,2021,0.3,0.29,0.28,1.12,1.04,1.0,,,
738,Türkiye,1987,0.48,0.43,0.44,2.96,2.3,2.24,,,
739,Türkiye,1994,0.52,0.49,0.51,3.54,3.02,3.22,,,
740,Türkiye,2004,0.37,0.43,0.42,1.54,2.15,2.06,,,
741,Türkiye,2007,0.4,0.41,0.4,2.2,1.94,1.87,,,
742,Türkiye,2009,0.39,0.41,0.4,,1.97,1.91,,,
743,Türkiye,2010,0.39,0.42,0.41,,2.03,1.97,,,
744,Türkiye,2011,0.38,0.41,0.4,1.58,1.99,1.88,,,
745,Türkiye,2012,0.38,0.4,0.39,1.66,1.86,1.76,,,
746,Türkiye,2013,0.38,0.39,0.38,1.69,1.76,1.66,,,
747,Türkiye,2014,0.38,0.4,0.39,1.65,1.84,1.75,,,
748,Türkiye,2015,0.38,0.4,0.4,1.63,1.91,1.85,,,
749,Türkiye,2017,0.38,0.41,0.4,1.69,1.97,1.87,,,
750,Türkiye,2018,0.37,0.4,0.39,1.57,1.84,1.76,,,
751,Türkiye,2019,0.4,0.42,0.4,1.85,2.01,1.92,,,
752,United States of America,1993,,0.37,0.36,,,,,,
753,United States of America,1994,,0.37,0.36,,,,,,
754,United States of America,1995,0.36,0.36,0.35,1.5,1.5,1.42,0.0,0.0,0.0
755,United States of America,1996,,0.36,0.35,,,,,,
756,United States of America,1997,,0.36,0.36,,,,,,
757,United States of America,1998,,0.36,0.35,,,,,,
758,United States of America,1999,,0.35,0.34,,,,,,
759,United States of America,2000,0.37,0.36,0.35,1.58,1.47,1.39,0.0,0.0,0.0
760,United States of America,2001,,0.36,0.35,,,,,,
761,United States of America,2002,,0.38,0.37,,,,,,
762,United States of America,2003,,0.37,0.36,,,,,,
763,United States of America,2004,,0.36,0.35,,,,,,
764,United States of America,2005,0.39,0.38,0.37,1.75,1.67,1.6,0.0,0.0,0.0
765,United States of America,2006,,0.38,0.38,,,,,,
766,United States of America,2007,,0.38,0.37,,,,,,
767,United States of America,2008,0.39,0.38,0.37,1.71,1.65,1.58,0.0,0.0,0.0
768,United States of America,2009,0.38,0.38,0.37,,1.65,1.61,0.0,0.0,0.0
769,United States of America,2010,0.38,0.38,0.38,,1.66,1.62,,,
770,United States of America,2011,0.38,0.39,0.39,,1.74,1.72,0.0,0.0,0.0
771,United States of America,2012,0.39,0.39,0.38,1.87,1.74,1.7,0.0,0.0,0.0
772,United States of America,2013,0.41,0.4,0.39,1.94,1.82,1.77,0.03,0.0,0.06
773,United States of America,2014,0.4,0.39,0.39,1.9,1.79,1.74,0.0,0.0,0.0
774,United States of America,2015,0.4,0.39,0.38,1.83,1.75,1.7,0.0,0.0,0.0
775,United States of America,2016,0.41,0.39,0.38,1.93,1.77,1.71,0.0,0.0,0.0
776,United States of America,2017,0.41,0.39,0.38,1.97,1.76,1.7,0.0,0.0,0.0
777,United States of America,2018,0.42,0.39,0.39,2.03,1.79,1.73,0.0,0.0,0.0
778,United States of America,2019,0.42,0.4,0.39,2.09,1.81,1.73,0.0,0.0,0.0
779,United States of America,2020,0.4,0.38,0.37,1.82,1.64,1.57,0.0,0.0,0.0
780,United States of America,2021,0.41,0.38,0.37,1.95,1.63,1.6,,,
781,South Africa,2015,0.61,0.63,0.63,5.66,7.14,7.36,,,
782,South Africa,2017,0.61,0.62,0.61,5.86,6.89,6.85,,,
