,country,iso3c,year,homicide_male,homicide_female,homicide_all
0,Afghanistan,AFG,1990,,,
1,Albania,ALB,1990,,,
2,Algeria,DZA,1990,,,
3,Angola,AGO,1990,,,
4,Antigua and Barbuda,ATG,1990,0.0,3.04562343911799,1.57908034360788
5,Argentina,ARG,1990,,,
6,Armenia,ARM,1990,9.02773728008839,1.24079586282089,5.0048649818173
7,Australia,AUS,1990,2.77597989296598,1.61469597995109,2.19380533895964
8,Austria,AUT,1990,1.3366090157445,0.996013398418599,1.15904598274011
9,Azerbaijan,AZE,1990,,,4.4292846530268
10,Bahamas,BHS,1990,,,16.6248582269035
11,Bahrain,BHR,1990,,,
12,Bangladesh,BGD,1990,,,
13,Barbados,BRB,1990,18.4745633376307,8.18619881300117,13.1341069579863
14,Belarus,BLR,1990,,,4.87125456380457
15,Belgium,BEL,1990,,,1.04093078351742
16,Belize,BLZ,1990,,,
17,Benin,BEN,1990,,,
18,Bhutan,BTN,1990,,,3.58139251703848
19,Bolivia (Plurinational State of),BOL,1990,,,
20,Bosnia and Herzegovina,BIH,1990,2.55904778280957,0.705803624698627,1.62427584831978
21,Botswana,BWA,1990,,,
22,Brazil,BRA,1990,35.942775969426,3.12819041865575,19.44255874481
23,Brunei Darussalam,BRN,1990,,,
24,Bulgaria,BGR,1990,4.07179679622495,1.17705754168714,2.58902555408141
25,Burkina Faso,BFA,1990,,,
26,Burundi,BDI,1990,,,
27,Cabo Verde,CPV,1990,,,
28,Cambodia,KHM,1990,,,
29,Cameroon,CMR,1990,,,
30,Canada,CAN,1990,3.07055917855055,1.69219361414197,2.37551123433317
31,Central African Republic,CAF,1990,,,
32,Chad,TCD,1990,,,
33,Chile,CHL,1990,,,
34,China,CHN,1990,,,
35,Colombia,COL,1990,138.159838315183,11.2464789701348,74.6287140955712
36,Comoros,COM,1990,,,
37,Democratic Republic of the Congo,COD,1990,,,
38,Congo,COG,1990,,,
39,Costa Rica,CRI,1990,6.98600631316344,1.77465687839132,4.40116665745799
40,Cote d'Ivoire,CIV,1990,,,
41,Croatia,HRV,1990,3.97439671240749,1.72127083561677,2.81100226285682
42,Cuba,CUB,1990,,,
43,Cyprus,CYP,1990,,,0.634115409004439
44,Czechia,CZE,1990,,,
45,Denmark,DNK,1990,0.631021323788084,0.958202626510055,0.796948503617417
46,Djibouti,DJI,1990,,,
47,Dominican Republic,DOM,1990,,,
48,Ecuador,ECU,1990,15.4357965592438,1.59879069809276,8.53601790458464
49,Egypt,EGY,1990,,,0.470159463845528
50,El Salvador,SLV,1990,,,
51,Equatorial Guinea,GNQ,1990,,,
52,Eritrea,ERI,1990,,,
53,Estonia,EST,1990,,,7.51269837025379
54,Eswatini,SWZ,1990,,,19.0864052102373
55,Ethiopia,ETH,1990,,,
56,Fiji,FJI,1990,,,4.10030367874121
57,Finland,FIN,1990,4.71172313914834,1.48029955030058,3.04820271350203
58,France,FRA,1990,,,2.40193301896905
59,Gabon,GAB,1990,,,
60,Gambia,GMB,1990,,,
61,Georgia,GEO,1990,,,5.00775692273708
62,Germany,DEU,1990,1.43766764114695,0.927559429667503,1.17298437816633
63,Ghana,GHA,1990,,,
64,Greece,GRC,1990,1.39308781552082,0.634413859657077,1.00948772865746
65,Grenada,GRD,1990,,,
66,Guatemala,GTM,1990,,,
67,Guinea,GIN,1990,,,
68,Guinea-Bissau,GNB,1990,,,
69,Guyana,GUY,1990,,,12.0463140621309
70,Haiti,HTI,1990,,,
71,Honduras,HND,1990,,,9.80625080888793
72,Hungary,HUN,1990,2.64343571159582,1.28469314381904,1.93716464342991
73,Iceland,ISL,1990,,,
74,India,IND,1990,,,5.07345512777259
75,Indonesia,IDN,1990,,,
76,Iran (Islamic Republic of),IRN,1990,,,
77,Iraq,IRQ,1990,,,6.61442273177754
78,Ireland,IRL,1990,0.847804609962503,0.132193401123146,0.48775246390309
79,Israel,ISR,1990,,,3.06042528669106
80,Italy,ITA,1990,5.76467083104192,0.707575875848804,3.16086804484155
81,Jamaica,JAM,1990,,,22.742194442
82,Japan,JPN,1990,0.611316493733118,0.483814148842399,0.54654386559044
83,Jordan,JOR,1990,,,3.44769431133312
84,Kazakhstan,KAZ,1990,,,8.74511303814535
85,Kenya,KEN,1990,,,
86,Kiribati,KIR,1990,,,
87,Democratic People's Republic of Korea,PRK,1990,,,
88,Republic of Korea,KOR,1990,,,0.471514622075203
89,Kuwait,KWT,1990,,,
90,Kyrgyzstan,KGZ,1990,,,13.7895233924514
91,Lao People's Democratic Republic,LAO,1990,,,
92,Latvia,LVA,1990,,,
93,Lebanon,LBN,1990,,,
94,Lesotho,LSO,1990,,,28.8494088650509
95,Liberia,LBR,1990,,,
96,Libya,LBY,1990,,,
97,Lithuania,LTU,1990,,,4.75455030274599
98,Luxembourg,LUX,1990,,,
99,Madagascar,MDG,1990,,,
100,Malawi,MWI,1990,,,
101,Malaysia,MYS,1990,,,1.78683008607412
102,Maldives,MDV,1990,,,0.4445293989518
103,Mali,MLI,1990,,,
104,Malta,MLT,1990,,,1.0947162153471
105,Mauritania,MRT,1990,,,
106,Mauritius,MUS,1990,2.84661062375644,0.804501928431347,1.83437434077172
107,Mexico,MEX,1990,32.2539304057939,3.67003351187977,17.7348557205305
108,Micronesia (Federated States of),FSM,1990,,,
109,Republic of Moldova,MDA,1990,,,6.47292748301219
110,Mongolia,MNG,1990,,,
111,Montenegro,MNE,1990,,,
112,Morocco,MAR,1990,,,0.36221836936738
113,Mozambique,MOZ,1990,,,
114,Myanmar,MMR,1990,,,5.102301265054
115,Namibia,NAM,1990,,,
116,Nepal,NPL,1990,,,1.80460050783701
117,Netherlands (Kingdom of the),NLD,1990,1.24578337871754,0.568810418331622,0.903339465335452
118,New Zealand,NZL,1990,,,1.86461060600937
119,Nicaragua,NIC,1990,,,15.8947164259595
120,Niger,NER,1990,,,
121,Nigeria,NGA,1990,,,
122,North Macedonia,MKD,1990,,,
123,Norway,NOR,1990,1.69221070401507,0.53675864530455,1.10806315158386
124,Oman,OMN,1990,,,
125,Pakistan,PAK,1990,,,7.11265102735157
126,Panama,PAN,1990,,,11.3470892981233
127,Papua New Guinea,PNG,1990,,,
128,Paraguay,PRY,1990,,,
129,Peru,PER,1990,,,
130,Philippines,PHL,1990,,,15.076618168181
131,Poland,POL,1990,2.48958590198758,1.1131489343126,1.78382582010111
132,Portugal,PRT,1990,,,1.54755279706757
133,Qatar,QAT,1990,,,0.905644314987621
134,Romania,ROU,1990,5.39689323959924,1.66252424488504,3.4856885771971
135,Russian Federation,RUS,1990,23.1257937775869,6.49294753952029,14.2866115966943
136,Rwanda,RWA,1990,,,
137,Samoa,WSM,1990,,,
138,Sao Tome and Principe,STP,1990,,,6.64766542299926
139,Saudi Arabia,SAU,1990,,,
140,Senegal,SEN,1990,,,
141,Serbia,SRB,1990,,,
142,Seychelles,SYC,1990,,,
143,Sierra Leone,SLE,1990,,,
144,Singapore,SGP,1990,,,1.55515386262168
145,Slovakia,SVK,1990,,,1.7676222914277
146,Slovenia,SVN,1990,,,2.06442621035798
147,Solomon Islands,SLB,1990,,,
148,Somalia,SOM,1990,,,
149,South Africa,ZAF,1990,,,
150,South Sudan,SSD,1990,,,
151,Spain,ESP,1990,,,1.24443140571126
152,Sri Lanka,LKA,1990,,,11.5379513736672
153,Saint Lucia,LCA,1990,12.8455818334927,6.92156482737617,9.83830050386153
154,Saint Vincent and the Grenadines,VCT,1990,,,9.77886431825758
155,Sudan,SDN,1990,,,
156,Suriname,SUR,1990,,,
157,Sweden,SWE,1990,,,1.11131836223726
158,Switzerland,CHE,1990,1.79654317974584,1.48847385707616,1.63893074370356
159,Syrian Arab Republic,SYR,1990,,,
160,Tajikistan,TJK,1990,,,3.10085503308917
161,United Republic of Tanzania,TZA,1990,,,
162,Thailand,THA,1990,,,9.67617943080544
163,Timor-Leste,TLS,1990,,,
164,Togo,TGO,1990,,,
165,Tonga,TON,1990,,,
166,Trinidad and Tobago,TTO,1990,,,
167,Tunisia,TUN,1990,,,
168,Türkiye,TUR,1990,,,
169,Turkmenistan,TKM,1990,,,8.92406307753573
170,Uganda,UGA,1990,,,
171,Ukraine,UKR,1990,7.46114082149355,2.80608557740336,4.95834284506185
172,United Arab Emirates,ARE,1990,,,
173,United Kingdom of Great Britain and Northern Ireland,GBR,1990,,,1.24705669880256
174,United States of America,USA,1990,15.052632328218,4.07191583179498,9.44761666194219
175,Uruguay,URY,1990,,,6.60889232879239
176,Uzbekistan,UZB,1990,,,5.46671150503937
177,Vanuatu,VUT,1990,,,
178,Venezuela (Bolivarian Republic of),VEN,1990,23.0997892614143,1.89856912287315,12.5262150542523
179,Viet Nam,VNM,1990,,,
180,Yemen,YEM,1990,,,
181,Zambia,ZMB,1990,,,7.15549448955369
182,Zimbabwe,ZWE,1990,8.30243467869424,3.48714202129043,5.80389766828658
183,Afghanistan,AFG,2000,,,
184,Albania,ALB,2000,7.479756324752,0.81025710704556,4.11688108231861
185,Algeria,DZA,2000,,,
186,Angola,AGO,2000,,,
187,Antigua and Barbuda,ATG,2000,,,6.66178136033575
188,Argentina,ARG,2000,,,
189,Armenia,ARM,2000,4.35394331474142,1.54597497159619,2.87200016032704
190,Australia,AUS,2000,2.39417762594878,1.42005628456361,1.90346358335012
191,Austria,AUT,2000,0.733729623042966,1.29524372272807,1.02366558792704
192,Azerbaijan,AZE,2000,,,2.75934921847538
193,Bahamas,BHS,2000,36.2261448563245,9.89821226916848,22.7682499830777
194,Bahrain,BHR,2000,,,
195,Bangladesh,BGD,2000,,,2.58759494598355
196,Barbados,BRB,2000,11.8240580167113,3.62852602016009,7.55695107252028
197,Belarus,BLR,2000,,,9.87668043113221
198,Belgium,BEL,2000,2.56348152797015,1.58874839131855,2.06540263051433
199,Belize,BLZ,2000,,,17.0544828332072
200,Benin,BEN,2000,,,
201,Bhutan,BTN,2000,,,3.065358553287
202,Bolivia (Plurinational State of),BOL,2000,,,
203,Bosnia and Herzegovina,BIH,2000,3.87506781368674,0.934284310189865,2.36878940505102
204,Botswana,BWA,2000,,,
205,Brazil,BRA,2000,47.7478566994309,4.21749377657694,25.7997614021008
206,Brunei Darussalam,BRN,2000,1.13690301933019,1.26574267451427,1.19786839319431
207,Bulgaria,BGR,2000,6.01508387009701,2.31911834319556,4.09993391326405
208,Burkina Faso,BFA,2000,,,
209,Burundi,BDI,2000,,,
210,Cabo Verde,CPV,2000,,,
211,Cambodia,KHM,2000,,,4.71167168543593
212,Cameroon,CMR,2000,,,3.0414281274255
213,Canada,CAN,2000,2.61315521575908,0.961851888946388,1.77946888883004
214,Central African Republic,CAF,2000,,,
215,Chad,TCD,2000,,,
216,Chile,CHL,2000,,,
217,China,CHN,2000,,,
218,Colombia,COL,2000,126.425680854464,9.74444923134819,67.675400484081
219,Comoros,COM,2000,,,
220,Democratic Republic of the Congo,COD,2000,,,
221,Congo,COG,2000,,,
222,Costa Rica,CRI,2000,10.4216928491843,2.0385951040419,6.25755099809823
223,Cote d'Ivoire,CIV,2000,,,
224,Croatia,HRV,2000,3.1524173820395,1.36040435228223,2.22054447750588
225,Cuba,CUB,2000,7.74909784446825,2.80241264224391,5.28553076498558
226,Cyprus,CYP,2000,,,0.84367049394271
227,Czechia,CZE,2000,2.84975528228231,0.933008823978555,1.86619845603832
228,Denmark,DNK,2000,0.984857065042612,1.18488764673167,1.0860091131144
229,Djibouti,DJI,2000,,,
230,Dominican Republic,DOM,2000,,,14.1673052198968
231,Ecuador,ECU,2000,26.6998709220622,2.29511856263343,14.5170790306456
232,Egypt,EGY,2000,,,
233,El Salvador,SLV,2000,,,59.5957158215801
234,Equatorial Guinea,GNQ,2000,,,
235,Eritrea,ERI,2000,,,
236,Estonia,EST,2000,18.033430478187,3.43112122930397,10.237125472438
237,Eswatini,SWZ,2000,,,12.4211969667049
238,Ethiopia,ETH,2000,,,
239,Fiji,FJI,2000,,,
240,Finland,FIN,2000,4.04623662615633,1.7276955013019,2.85923539795244
241,France,FRA,2000,,,1.79151433468007
242,Gabon,GAB,2000,,,
243,Gambia,GMB,2000,,,
244,Georgia,GEO,2000,,,5.60352548502147
245,Germany,DEU,2000,2.06505071111496,1.30097575091007,1.67255910629526
246,Ghana,GHA,2000,,,
247,Greece,GRC,2000,,,
248,Grenada,GRD,2000,,,13.9623203514781
249,Guatemala,GTM,2000,,,24.7445997722883
250,Guinea,GIN,2000,,,
251,Guinea-Bissau,GNB,2000,,,
252,Guyana,GUY,2000,,,10.0125024537218
253,Haiti,HTI,2000,,,
254,Honduras,HND,2000,,,47.711149251321
255,Hungary,HUN,2000,2.42219970007611,1.63459130262194,2.00939908675262
256,Iceland,ISL,2000,,,1.77643873773369
257,India,IND,2000,6.01420311273732,2.97133758315995,4.54562752332988
258,Indonesia,IDN,2000,,,1.02955812082501
259,Iran (Islamic Republic of),IRN,2000,,,
260,Iraq,IRQ,2000,,,
261,Ireland,IRL,2000,1.55986224308472,0.410768866478734,0.981705649888477
262,Israel,ISR,2000,3.81490037055952,1.25706595970137,2.51759126023098
263,Italy,ITA,2000,2.08786959686339,0.648001886598554,1.34465234527074
264,Jamaica,JAM,2000,,,33.9559873746509
265,Japan,JPN,2000,0.560318436696105,0.510075375924972,0.534684034581565
266,Jordan,JOR,2000,,,
267,Kazakhstan,KAZ,2000,,,15.2596578456546
268,Kenya,KEN,2000,,,
269,Kiribati,KIR,2000,,,3.37740851444687
270,Democratic People's Republic of Korea,PRK,2000,,,
271,Republic of Korea,KOR,2000,,,0.790715344603111
272,Kuwait,KWT,2000,,,
273,Kyrgyzstan,KGZ,2000,14.5500160913314,3.05500005024671,8.73857279190491
274,Lao People's Democratic Republic,LAO,2000,,,
275,Latvia,LVA,2000,,,9.94763073976726
276,Lebanon,LBN,2000,,,
277,Lesotho,LSO,2000,,,
278,Liberia,LBR,2000,,,
279,Libya,LBY,2000,,,
280,Lithuania,LTU,2000,16.0291953164165,5.28728393322423,10.278815652636
281,Luxembourg,LUX,2000,,,0.918214623486094
282,Madagascar,MDG,2000,,,
283,Malawi,MWI,2000,,,6.23364392018905
284,Malaysia,MYS,2000,,,2.40137894064759
285,Maldives,MDV,2000,,,
286,Mali,MLI,2000,,,
287,Malta,MLT,2000,,,1.00197514350163
288,Mauritania,MRT,2000,,,
289,Mauritius,MUS,2000,2.40781961027073,1.86924488258266,2.13828010729232
290,Mexico,MEX,2000,19.732090728826,2.57200283202434,10.9702896265275
291,Micronesia (Federated States of),FSM,2000,,,
292,Republic of Moldova,MDA,2000,15.5327214340656,5.37371667765115,10.1844658435831
293,Mongolia,MNG,2000,,,
294,Montenegro,MNE,2000,,,
295,Morocco,MAR,2000,,,1.61446134311522
296,Mozambique,MOZ,2000,,,
297,Myanmar,MMR,2000,,,2.28598623243381
298,Namibia,NAM,2000,,,20.8889800185912
299,Nepal,NPL,2000,,,2.58555747092658
300,Netherlands (Kingdom of the),NLD,2000,1.52584446749459,0.746766733408944,1.13213706280247
301,New Zealand,NZL,2000,1.64851364303551,1.05979052832596,1.34880446641036
302,Nicaragua,NIC,2000,,,9.29102727824138
303,Niger,NER,2000,,,
304,Nigeria,NGA,2000,,,
305,North Macedonia,MKD,2000,3.4552380858013,1.14184092988091,2.30625552182589
306,Norway,NOR,2000,1.18075728003874,0.958855482129913,1.0687563227791
307,Oman,OMN,2000,,,
308,Pakistan,PAK,2000,,,5.76925854342345
309,Panama,PAN,2000,17.9051851990603,1.93951371866622,9.9609175570833
310,Papua New Guinea,PNG,2000,,,8.4418098332561
311,Paraguay,PRY,2000,,,19.4191090668894
312,Peru,PER,2000,,,
313,Philippines,PHL,2000,,,7.35650421792898
314,Poland,POL,2000,3.35021553635023,1.15450230407035,2.22052365869268
315,Portugal,PRT,2000,1.61291738298373,0.672722583668097,1.12614520351216
316,Qatar,QAT,2000,,,0.154813859555963
317,Romania,ROU,2000,3.91776424495783,1.23876533851409,2.53651064138067
318,Russian Federation,RUS,2000,44.8421090573857,13.2078249661266,27.9819163409618
319,Rwanda,RWA,2000,,,
320,Samoa,WSM,2000,,,
321,Sao Tome and Principe,STP,2000,,,
322,Saudi Arabia,SAU,2000,,,0.802881481304267
323,Senegal,SEN,2000,,,
324,Serbia,SRB,2000,4.39042736300019,1.45748382192958,2.87333796932132
325,Seychelles,SYC,2000,,,
326,Sierra Leone,SLE,2000,,,
327,Singapore,SGP,2000,,,1.01144599155936
328,Slovakia,SVK,2000,3.63672974542509,1.22989995306485,2.39924585565151
329,Slovenia,SVN,2000,,,1.81420614118858
330,Solomon Islands,SLB,2000,,,
331,Somalia,SOM,2000,,,
332,South Africa,ZAF,2000,,,46.4782786836351
333,South Sudan,SSD,2000,,,
334,Spain,ESP,2000,,,1.35733329317787
335,Sri Lanka,LKA,2000,,,
336,Saint Lucia,LCA,2000,26.0503029083917,3.05481128349888,14.4200626959248
337,Saint Vincent and the Grenadines,VCT,2000,,,17.5727622185612
338,Sudan,SDN,2000,,,
339,Suriname,SUR,2000,,,14.1962866272024
340,Sweden,SWE,2000,1.3469275622094,0.823258295455019,1.08217257642802
341,Switzerland,CHE,2000,0.86228765304256,1.05480338472075,0.960727278904281
342,Syrian Arab Republic,SYR,2000,,,2.18915608584779
343,Tajikistan,TJK,2000,,,4.51139913392296
344,United Republic of Tanzania,TZA,2000,,,
345,Thailand,THA,2000,13.6462813073222,2.81854042295303,8.15328525109625
346,Timor-Leste,TLS,2000,,,
347,Togo,TGO,2000,,,
348,Tonga,TON,2000,1.91782135494079,0.0,0.974635120976584
349,Trinidad and Tobago,TTO,2000,,,9.00763960433943
350,Tunisia,TUN,2000,,,
351,Türkiye,TUR,2000,,,
352,Turkmenistan,TKM,2000,,,5.84356065878596
353,Uganda,UGA,2000,,,
354,Ukraine,UKR,2000,13.7359869078751,4.98675908099475,9.0385067494865
355,United Arab Emirates,ARE,2000,,,
356,United Kingdom of Great Britain and Northern Ireland,GBR,2000,,,1.55479919059023
357,United States of America,USA,2000,8.54261137334384,2.58731009737706,5.51915007326843
358,Uruguay,URY,2000,,,6.50016425064573
359,Uzbekistan,UZB,2000,,,4.28475924176531
360,Vanuatu,VUT,2000,,,
361,Venezuela (Bolivarian Republic of),VEN,2000,61.280204553125,4.26815335309483,32.8397296539463
362,Viet Nam,VNM,2000,,,
363,Yemen,YEM,2000,,,3.74153849325131
364,Zambia,ZMB,2000,,,8.05771996551862
365,Zimbabwe,ZWE,2000,,,
366,Afghanistan,AFG,2010,,,3.4870927196315
367,Albania,ALB,2010,7.40181289587705,0.756378938972253,4.08457542468858
368,Algeria,DZA,2010,,,0.708382325710373
369,Angola,AGO,2010,,,
370,Antigua and Barbuda,ATG,2010,,,7.00157535445475
371,Argentina,ARG,2010,,,5.80046925893628
372,Armenia,ARM,2010,3.38466621120832,0.630031391314072,1.90069351554648
373,Australia,AUS,2010,1.2498534615239,0.850072258402795,1.04908593619237
374,Austria,AUT,2010,0.687565126844102,0.769143366575477,0.729418238732372
375,Azerbaijan,AZE,2010,3.18132140161068,1.31612981837515,2.23011241769356
376,Bahamas,BHS,2010,44.8908901974368,6.74153224656376,25.1827085878394
377,Bahrain,BHR,2010,0.132626082643291,0.217559203298198,0.164792902699267
378,Bangladesh,BGD,2010,,,2.68749199813241
379,Barbados,BRB,2010,17.5516916396714,5.56833565927354,11.2845863471066
380,Belarus,BLR,2010,5.87810974186891,2.60378026774902,4.12067007233369
381,Belgium,BEL,2010,2.24158985669339,1.25264419942712,
382,Belize,BLZ,2010,70.0091174664608,10.023154263337,40.0488658254335
383,Benin,BEN,2010,,,
384,Bhutan,BTN,2010,,,2.26784207031303
385,Bolivia (Plurinational State of),BOL,2010,,,
386,Bosnia and Herzegovina,BIH,2010,2.47409927323334,0.512340882932414,1.46939666572905
387,Botswana,BWA,2010,,,14.4860707823841
388,Brazil,BRA,2010,49.3529255264436,4.48633802834233,26.6300331445086
389,Brunei Darussalam,BRN,2010,,,0.252491778236471
390,Bulgaria,BGR,2010,3.29553679460022,0.688663075416259,1.94935047444622
391,Burkina Faso,BFA,2010,,,0.788198249930744
392,Burundi,BDI,2010,,,
393,Cabo Verde,CPV,2010,,,
394,Cambodia,KHM,2010,,,2.30444712345125
395,Cameroon,CMR,2010,,,5.02564727658086
396,Canada,CAN,2010,2.38829762679855,0.904774550758276,1.64000010305207
397,Central African Republic,CAF,2010,,,
398,Chad,TCD,2010,,,
399,Chile,CHL,2010,5.27377249241747,1.12068629895042,3.18157401699654
400,China,CHN,2010,,,0.99466591452023
401,Colombia,COL,2010,64.2053531963185,5.41323981762857,34.4942938820122
402,Comoros,COM,2010,,,
403,Democratic Republic of the Congo,COD,2010,,,
404,Congo,COG,2010,,,
405,Costa Rica,CRI,2010,20.0773754475671,2.65075518276957,11.4013700898794
406,Cote d'Ivoire,CIV,2010,,,
407,Croatia,HRV,2010,1.42671059033004,1.41221557647302,1.41919233306521
408,Cuba,CUB,2010,6.72322095856811,2.22881097268406,4.4728195392243
409,Cyprus,CYP,2010,1.23545581701134,0.177590557865219,0.708161696330527
410,Czechia,CZE,2010,0.973827035074523,0.99430301891033,0.984256765260208
411,Denmark,DNK,2010,0.726793968264178,0.785984608277775,0.756641079287248
412,Djibouti,DJI,2010,,,
413,Dominican Republic,DOM,2010,45.7898188099514,4.34972678195137,25.3075082180353
414,Ecuador,ECU,2010,31.8315368918111,3.16390932636365,17.5054873932305
415,Egypt,EGY,2010,3.716971920156,0.457324120658864,2.10767808732305
416,El Salvador,SLV,2010,117.187145818959,17.6100526452837,65.2106231981517
417,Equatorial Guinea,GNQ,2010,,,
418,Eritrea,ERI,2010,,,
419,Estonia,EST,2010,8.64043226545987,2.30662000821069,5.25709050081297
420,Eswatini,SWZ,2010,,,18.9104662157248
421,Ethiopia,ETH,2010,,,
422,Fiji,FJI,2010,3.04055998427596,1.34913924915904,2.20953092210906
423,Finland,FIN,2010,3.45779560970151,0.988454485514932,2.2001496661133
424,France,FRA,2010,,,1.2747305942565
425,Gabon,GAB,2010,,,
426,Gambia,GMB,2010,,,
427,Georgia,GEO,2010,8.82223202470225,1.37621487825905,4.87381383230067
428,Germany,DEU,2010,1.00461711982099,0.946784313330583,0.975098828664069
429,Ghana,GHA,2010,,,1.6500670056238
430,Greece,GRC,2010,2.60572595433337,0.608855698692357,1.59510115433664
431,Grenada,GRD,2010,13.8980577464299,3.54126458558351,8.76892992748095
432,Guatemala,GTM,2010,73.0345639368363,9.47614571203384,40.9815747252601
433,Guinea,GIN,2010,,,
434,Guinea-Bissau,GNB,2010,,,
435,Guyana,GUY,2010,29.3023355843262,8.24583219731479,18.7182917152172
436,Haiti,HTI,2010,,,6.87806820767905
437,Honduras,HND,2010,136.878392409851,9.21447426317116,73.7906733961016
438,Hungary,HUN,2010,1.62313519946803,1.16347390037173,1.38182054857274
439,Iceland,ISL,2010,1.24913341369425,0.0,0.628272909186292
440,India,IND,2010,4.45612745772725,2.98323543628376,3.74492100127032
441,Indonesia,IDN,2010,,,
442,Iran (Islamic Republic of),IRN,2010,,,
443,Iraq,IRQ,2010,14.1999164969085,3.06893322141139,8.60710301896297
444,Ireland,IRL,2010,2.12547235988315,0.317766815246341,1.21558109749292
445,Israel,ISR,2010,3.25372686148678,0.864436268017925,2.04681893635007
446,Italy,ITA,2010,1.2934738391857,0.500415877887197,0.88428340865344
447,Jamaica,JAM,2010,96.0525146098309,10.519538228546,52.9281289412618
448,Japan,JPN,2010,0.365296654408961,0.360783280596434,0.362982268878202
449,Jordan,JOR,2010,2.18841249611592,1.12859073765582,1.67357774926444
450,Kazakhstan,KAZ,2010,13.1768717727403,3.94837159800871,8.3414339562456
451,Kenya,KEN,2010,,,4.63896345613183
452,Kiribati,KIR,2010,,,3.70387517940645
453,Democratic People's Republic of Korea,PRK,2010,,,
454,Republic of Korea,KOR,2010,,,0.992837559563842
455,Kuwait,KWT,2010,2.80489758990667,1.02546627162551,2.03848905153012
456,Kyrgyzstan,KGZ,2010,,,16.7641099769876
457,Lao People's Democratic Republic,LAO,2010,,,
458,Latvia,LVA,2010,,,
459,Lebanon,LBN,2010,2.78464803360465,0.953164665550405,3.26274102873824
460,Lesotho,LSO,2010,,,
461,Liberia,LBR,2010,,,3.20899034715803
462,Libya,LBY,2010,,,
463,Lithuania,LTU,2010,9.98189395346774,4.42111015254893,6.97670306817242
464,Luxembourg,LUX,2010,1.98230986674913,1.96202693078165,1.97211624836438
465,Madagascar,MDG,2010,,,
466,Malawi,MWI,2010,,,3.53298755576473
467,Malaysia,MYS,2010,,,1.88037139842281
468,Maldives,MDV,2010,,,1.65940905677806
469,Mali,MLI,2010,,,
470,Malta,MLT,2010,1.44230422523023,0.47448571679371,0.955212475074925
471,Mauritania,MRT,2010,,,
472,Mauritius,MUS,2010,3.92332258342945,1.23816967567693,2.57143525048117
473,Mexico,MEX,2010,42.2699559984008,4.20917082755301,22.888519115879
474,Micronesia (Federated States of),FSM,2010,,,
475,Republic of Moldova,MDA,2010,9.3292898779208,5.28223581506064,7.20463837337209
476,Mongolia,MNG,2010,12.7750630768739,4.94046736821303,8.84359782721312
477,Montenegro,MNE,2010,2.60294653547816,2.16249613839975,2.37701333029076
478,Morocco,MAR,2010,,,1.38919413341161
479,Mozambique,MOZ,2010,,,3.7921925300048
480,Myanmar,MMR,2010,2.63602481131993,0.610529083492945,1.62175334496245
481,Namibia,NAM,2010,,,14.9575769297001
482,Nepal,NPL,2010,,,2.99319996878678
483,Netherlands (Kingdom of the),NLD,2010,1.09415042866382,0.643503940925385,0.866576314050145
484,New Zealand,NZL,2010,0.963293952756436,1.01426825622016,0.989338497220131
485,Nicaragua,NIC,2010,24.5053948262769,2.62568400330634,13.4056647215929
486,Niger,NER,2010,,,
487,Nigeria,NGA,2010,,,
488,North Macedonia,MKD,2010,2.67612357765227,1.43192827757643,2.05365483697801
489,Norway,NOR,2010,0.572824275310803,0.613318706363652,0.593078447304264
490,Oman,OMN,2010,,,1.66555947443965
491,Pakistan,PAK,2010,,,6.78307785917094
492,Panama,PAN,2010,23.6126988984593,1.7157419601577,12.6944965907688
493,Papua New Guinea,PNG,2010,,,9.40227756657452
494,Paraguay,PRY,2010,22.9996422660432,2.54868734746063,12.8453765961919
495,Peru,PER,2010,,,
496,Philippines,PHL,2010,15.5378193477775,2.59143677206089,9.13493395868059
497,Poland,POL,2010,1.4216855594571,0.594042045343083,0.994886877346226
498,Portugal,PRT,2010,1.62620022004578,0.753910235546534,1.17109278350905
499,Qatar,QAT,2010,0.308174363514004,0.0,0.233439849991552
500,Romania,ROU,2010,1.78725092982745,0.858149343730289,1.30807592800488
501,Russian Federation,RUS,2010,18.6185877520371,5.65917323997992,11.6515618374112
502,Rwanda,RWA,2010,,,2.82276772666607
503,Samoa,WSM,2010,,,8.21897401519997
504,Sao Tome and Principe,STP,2010,0.0,0.0,3.29419644940526
505,Saudi Arabia,SAU,2010,,,
506,Senegal,SEN,2010,,,
507,Serbia,SRB,2010,2.41895547871672,1.08190403536367,1.72464511996965
508,Seychelles,SYC,2010,16.1916855694601,2.87214181998054,9.73936380311335
509,Sierra Leone,SLE,2010,,,2.53235432204525
510,Singapore,SGP,2010,0.596217928832074,0.120967400495241,0.367961085984856
511,Slovakia,SVK,2010,1.94224746212998,1.1188912148993,1.64924031173236
512,Slovenia,SVN,2010,0.688765206336837,0.768509552573738,0.729115400740052
513,Solomon Islands,SLB,2010,,,
514,Somalia,SOM,2010,,,
515,South Africa,ZAF,2010,52.7574158619031,10.2090671013959,30.6904008727714
516,South Sudan,SSD,2010,,,
517,Spain,ESP,2010,1.06465411984099,0.662122244404261,0.861018098074363
518,Sri Lanka,LKA,2010,5.91464373839282,1.58359396650699,3.6915977324494
519,Saint Lucia,LCA,2010,45.1718878329227,6.41736188087043,25.7407786585544
520,Saint Vincent and the Grenadines,VCT,2010,39.3092296284384,5.62419152246864,22.8712576904604
521,Sudan,SDN,2010,,,
522,Suriname,SUR,2010,,,
523,Sweden,SWE,2010,1.36978106724994,0.573315355296266,0.969970408974166
524,Switzerland,CHE,2010,0.674918234304874,0.654892538431487,0.664754602323023
525,Syrian Arab Republic,SYR,2010,,,2.07274182221091
526,Tajikistan,TJK,2010,4.15243755969129,0.602601325120314,2.37477350269711
527,United Republic of Tanzania,TZA,2010,15.0522653614275,2.39813763247612,8.61883071529146
528,Thailand,THA,2010,9.53955241974456,1.31523794148226,5.35223934493688
529,Timor-Leste,TLS,2010,,,3.58295670180567
530,Togo,TGO,2010,,,
531,Tonga,TON,2010,1.84945441094877,0.0,0.931241764330647
532,Trinidad and Tobago,TTO,2010,60.3560799887354,7.40481471633272,33.5390584671587
533,Tunisia,TUN,2010,,,2.62504230700834
534,Türkiye,TUR,2010,6.61041367846385,1.74007722676811,4.18605855331374
535,Turkmenistan,TKM,2010,2.88335890552309,1.12492835612532,1.99317782686479
536,Uganda,UGA,2010,16.0835666942632,3.65299906200117,9.77065913113857
537,Ukraine,UKR,2010,6.57374352784406,2.45054122043635,4.35172635644192
538,United Arab Emirates,ARE,2010,0.794390978522421,0.77798613528072,0.78992936734557
539,United Kingdom of Great Britain and Northern Ireland,GBR,2010,1.5363359385718,0.884825525321095,1.20458817118157
540,United States of America,USA,2010,7.44489245554034,2.09676425168556,4.7309805911698
541,Uruguay,URY,2010,10.1419188386761,2.36229545978336,6.11456426571092
542,Uzbekistan,UZB,2010,,,
543,Vanuatu,VUT,2010,,,
544,Venezuela (Bolivarian Republic of),VEN,2010,85.8187448295331,5.48272450036655,45.551070794931
545,Viet Nam,VNM,2010,,,1.52841154613334
546,Yemen,YEM,2010,,,4.44149054563671
547,Zambia,ZMB,2010,,,5.90193514230062
548,Zimbabwe,ZWE,2010,,,5.53748215359457
549,Afghanistan,AFG,2020,,,6.59443908400367
550,Albania,ALB,2020,3.62680965596223,0.62801731792644,2.12777201167065
551,Algeria,DZA,2020,2.40366157177012,0.572265754681445,1.50512065521262
552,Angola,AGO,2020,,,
553,Antigua and Barbuda,ATG,2020,18.0850222106679,2.06489980073717,9.71250971250971
554,Argentina,ARG,2020,9.16715191502319,1.63155592759331,5.36681384363525
555,Armenia,ARM,2020,2.84469843035862,1.03889593931289,1.85343036991797
556,Australia,AUS,2020,1.17755943819581,0.572231020488964,0.860925458639047
557,Austria,AUT,2020,0.638853495264441,0.817693020581223,0.729699452512114
558,Azerbaijan,AZE,2020,2.97379847217657,1.51710973312311,2.23627706150472
559,Bahamas,BHS,2020,31.8756233740861,5.18952376683942,17.9594387306367
560,Bahrain,BHR,2020,0.0,0.0,0.0
561,Bangladesh,BGD,2020,,,
562,Barbados,BRB,2020,28.2469077069458,2.05247494270174,14.6067055466292
563,Belarus,BLR,2020,,,
564,Belgium,BEL,2020,,,
565,Belize,BLZ,2020,45.77234545546,5.60908263453512,25.8279831003962
566,Benin,BEN,2020,,,
567,Bhutan,BTN,2020,3.41957585046683,1.37703680957096,2.45952782243763
568,Bolivia (Plurinational State of),BOL,2020,3.90502739735514,2.57407337774703,3.49358529148649
569,Bosnia and Herzegovina,BIH,2020,2.32721286556763,0.296638551264778,1.29580227865324
570,Botswana,BWA,2020,,8.839306067951,8.6789124419475
571,Brazil,BRA,2020,41.7830668977251,3.52896635491686,22.384065397269
572,Brunei Darussalam,BRN,2020,,,
573,Bulgaria,BGR,2020,1.27020587378644,0.723448769323212,0.988655606762662
574,Burkina Faso,BFA,2020,,,
575,Burundi,BDI,2020,,,
576,Cabo Verde,CPV,2020,9.31853871507705,3.07277351952065,6.17877248386654
577,Cambodia,KHM,2020,,,
578,Cameroon,CMR,2020,6.82026726061278,2.26648767186951,4.53737524129107
579,Canada,CAN,2020,3.05419869458767,0.933786999932799,2.00323552889971
580,Central African Republic,CAF,2020,,,
581,Chad,TCD,2020,,,
582,Chile,CHL,2020,8.50734551874009,1.1419332497836,4.79784927857005
583,China,CHN,2020,,,0.502270364156281
584,Colombia,COL,2020,45.23542798783,3.78037751431454,24.2427633844347
585,Comoros,COM,2020,,,
586,Democratic Republic of the Congo,COD,2020,,,
587,Congo,COG,2020,,,
588,Costa Rica,CRI,2020,19.8079872979332,2.42331100108932,11.1260651499432
589,Cote d'Ivoire,CIV,2020,,,
590,Croatia,HRV,2020,1.05334172662773,0.903379089484216,0.976355239042884
591,Cuba,CUB,2020,,,
592,Cyprus,CYP,2020,1.61308014427389,0.809578937994349,1.21208497200488
593,Czechia,CZE,2020,0.732532238647437,0.729863009391746,0.731177855832333
594,Denmark,DNK,2020,1.31157431544018,0.580529815413715,0.944102116831435
595,Djibouti,DJI,2020,,,
596,Dominican Republic,DOM,2020,15.0701531004533,2.33910370114734,8.73663089784519
597,Ecuador,ECU,2020,13.7312818851287,1.8753308467204,7.80050914241561
598,Egypt,EGY,2020,,0.310689220256203,
599,El Salvador,SLV,2020,39.5672226595412,3.97535824122868,21.3103023154811
600,Equatorial Guinea,GNQ,2020,,,
601,Eritrea,ERI,2020,,,
602,Estonia,EST,2020,5.08065137125987,1.42938107084942,3.15921543141343
603,Eswatini,SWZ,2020,,,
604,Ethiopia,ETH,2020,,,
605,Fiji,FJI,2020,,,2.17291633620231
606,Finland,FIN,2020,,,1.64572794344772
607,France,FRA,2020,1.59737353300246,0.582514779961347,1.07320011042795
608,Gabon,GAB,2020,,,
609,Gambia,GMB,2020,,,
610,Georgia,GEO,2020,,1.20333413806304,
611,Germany,DEU,2020,1.03367417381251,0.84570067923978,0.938448940112227
612,Ghana,GHA,2020,2.98717981361652,0.468212248288209,1.72465219242215
613,Greece,GRC,2020,1.14541154928172,0.354395294376586,0.741992756628659
614,Grenada,GRD,2020,17.7658620884578,4.85857497995838,11.3210903827337
615,Guatemala,GTM,2020,31.1457676588536,5.14579397804047,18.9601645617879
616,Guinea,GIN,2020,,,
617,Guinea-Bissau,GNB,2020,,,
618,Guyana,GUY,2020,30.2642091102964,9.57519288489513,19.6938793430021
619,Haiti,HTI,2020,21.2830693718346,1.52593912344795,11.320619717256
620,Honduras,HND,2020,64.3851467847374,6.54849756402878,35.7941595747697
621,Hungary,HUN,2020,0.877473270773056,0.76800899870236,0.820464644511899
622,Iceland,ISL,2020,0.53166744201502,2.23987367112495,1.36362768600563
623,India,IND,2020,3.36583313632327,2.42577425999889,2.91115545352632
624,Indonesia,IDN,2020,,,
625,Iran (Islamic Republic of),IRN,2020,,,
626,Iraq,IRQ,2020,,,
627,Ireland,IRL,2020,1.10189846903451,0.240403637707711,0.667189770403826
628,Israel,ISR,2020,2.33717026422856,0.523531905570778,1.4273496987921
629,Italy,ITA,2020,0.583001541349134,0.380170042194286,0.47898693959757
630,Jamaica,JAM,2020,87.1634962135677,7.95345049540143,47.262204719803
631,Japan,JPN,2020,0.215171723748317,0.290538896050077,0.253902836917477
632,Jordan,JOR,2020,1.46364486896807,0.475470794539275,0.988221769043239
633,Kazakhstan,KAZ,2020,4.99996765371803,1.52142408540098,3.19296191107306
634,Kenya,KEN,2020,5.46920800980641,1.71340810915989,3.57597789241596
635,Kiribati,KIR,2020,,,
636,Democratic People's Republic of Korea,PRK,2020,,,
637,Republic of Korea,KOR,2020,0.633166716541415,0.531932536538224,0.594082049732749
638,Kuwait,KWT,2020,1.08571129064866,1.06547680530986,0.252267859389106
639,Kyrgyzstan,KGZ,2020,2.97465040111301,0.545963946360862,1.74734308054439
640,Lao People's Democratic Republic,LAO,2020,,,
641,Latvia,LVA,2020,3.19230199176842,4.11788121285328,3.6899357529472
642,Lebanon,LBN,2020,5.63988087116147,0.994977593276147,2.26031660148685
643,Lesotho,LSO,2020,,,
644,Liberia,LBR,2020,,,
645,Libya,LBY,2020,,,
646,Lithuania,LTU,2020,5.44959540538556,1.93453596986126,3.58122184552417
647,Luxembourg,LUX,2020,0.315256027301172,0.0,0.475888702322892
648,Madagascar,MDG,2020,,,
649,Malawi,MWI,2020,,,
650,Malaysia,MYS,2020,,,0.76204835344393
651,Maldives,MDV,2020,,,
652,Mali,MLI,2020,,,
653,Malta,MLT,2020,2.24794032467751,0.402500332062774,1.3582790991893
654,Mauritania,MRT,2020,,,1.02253955032934
655,Mauritius,MUS,2020,3.74490049877394,1.67438915239377,2.69681448420534
656,Mexico,MEX,2020,52.5042025200881,6.14337486507805,29.1853140575867
657,Micronesia (Federated States of),FSM,2020,,,
658,Republic of Moldova,MDA,2020,4.57189804394413,1.60556017840244,3.01473622516773
659,Mongolia,MNG,2020,10.0849920343843,2.41219533596001,6.22280369179212
660,Montenegro,MNE,2020,4.89212058751107,0.930428741564113,2.86146912594041
661,Morocco,MAR,2020,2.02436206072696,0.461188376482676,1.24833833697593
662,Mozambique,MOZ,2020,,,
663,Myanmar,MMR,2020,4.92742746885963,0.969533437203925,2.94067008118833
664,Namibia,NAM,2020,18.2247814586566,6.67993591921938,12.1730843863922
665,Nepal,NPL,2020,,,
666,Netherlands (Kingdom of the),NLD,2020,0.727320921467119,0.501559879723661,0.613723634798302
667,New Zealand,NZL,2020,,,
668,Nicaragua,NIC,2020,,,
669,Niger,NER,2020,,,
670,Nigeria,NGA,2020,,,
671,North Macedonia,MKD,2020,,,
672,Norway,NOR,2020,0.589727282461124,0.562488644760484,0.576225422359294
673,Oman,OMN,2020,0.354511307049511,0.232205241568918,0.308139380686066
674,Pakistan,PAK,2020,,,3.73684938494969
675,Panama,PAN,2020,21.0808422378175,2.14399639062868,11.6430795339927
676,Papua New Guinea,PNG,2020,,,
677,Paraguay,PRY,2020,12.3947629719693,2.0942659453691,7.26729362812458
678,Peru,PER,2020,9.19425562060998,2.13622784470647,5.71389863958169
679,Philippines,PHL,2020,,,
680,Poland,POL,2020,0.952114196469141,0.448630327828547,0.692196999838648
681,Portugal,PRT,2020,0.973808318976047,0.619201582389168,0.786545870699724
682,Qatar,QAT,2020,0.498655748765266,0.264902942873018,0.434721968131257
683,Romania,ROU,2020,1.96686199023788,0.956538002009328,1.44532169299017
684,Russian Federation,RUS,2020,11.7203255932469,3.54348174321065,7.3459663833896
685,Rwanda,RWA,2020,,,3.59034703252303
686,Samoa,WSM,2020,,,
687,Sao Tome and Principe,STP,2020,,,
688,Saudi Arabia,SAU,2020,,,
689,Senegal,SEN,2020,,,
690,Serbia,SRB,2020,1.75771786983872,0.574307043079685,1.14161387098907
691,Seychelles,SYC,2020,,,8.52838055529233
692,Sierra Leone,SLE,2020,,,2.13748640464524
693,Singapore,SGP,2020,0.161811643156783,0.177313955991385,0.169208474061906
694,Slovakia,SVK,2020,1.23842680766218,1.0028619171962,1.15454808101739
695,Slovenia,SVN,2020,0.470368213645006,0.568912353362841,0.519445930636968
696,Solomon Islands,SLB,2020,,,
697,Somalia,SOM,2020,,,
698,South Africa,ZAF,2020,,,33.9648735828409
699,South Sudan,SSD,2020,,,
700,Spain,ESP,2020,0.771128368016232,0.492731792007559,0.629172397396181
701,Sri Lanka,LKA,2020,,,
702,Saint Lucia,LCA,2020,52.9127333930009,5.53030051653007,29.0119479012366
703,Saint Vincent and the Grenadines,VCT,2020,52.4010929370813,9.76591111067707,31.5389577808042
704,Sudan,SDN,2020,,,
705,Suriname,SUR,2020,14.8683899681321,3.28504859408133,9.05998533929645
706,Sweden,SWE,2020,1.89689803521601,0.485444198432112,1.19587582931939
707,Switzerland,CHE,2020,0.466635067695333,0.620317678467981,0.544068822159298
708,Syrian Arab Republic,SYR,2020,,,
709,Tajikistan,TJK,2020,1.60366902812138,0.210894048411783,0.911643224337479
710,United Republic of Tanzania,TZA,2020,5.75873291338006,1.70033914561128,3.70475302959177
711,Thailand,THA,2020,,,
712,Timor-Leste,TLS,2020,,,
713,Togo,TGO,2020,,,
714,Tonga,TON,2020,3.83932427892691,,
715,Trinidad and Tobago,TTO,2020,46.0506864555588,7.02235775661678,26.2820398815134
716,Tunisia,TUN,2020,7.434105263438,1.87025488890727,4.62105575007752
717,Türkiye,TUR,2020,4.09406895052181,0.908170939080573,2.50548438706156
718,Turkmenistan,TKM,2020,,,
719,Uganda,UGA,2020,,,10.0440019618683
720,Ukraine,UKR,2020,,,3.86703005362156
721,United Arab Emirates,ARE,2020,0.787599964388127,0.497880363260626,0.699881310897077
722,United Kingdom of Great Britain and Northern Ireland,GBR,2020,1.44313307693166,0.571645855786333,1.00358675643653
723,United States of America,USA,2020,10.3423411190622,2.56704907271767,6.42075113420582
724,Uruguay,URY,2020,18.0704875507894,2.14820220914331,9.8568525465893
725,Uzbekistan,UZB,2020,1.71719472391921,0.960900510599255,1.33923285789026
726,Vanuatu,VUT,2020,0.0,0.645567373024967,0.320836742223719
727,Venezuela (Bolivarian Republic of),VEN,2020,,,29.4274010064459
728,Viet Nam,VNM,2020,,,
729,Yemen,YEM,2020,,,
730,Zambia,ZMB,2020,,,
731,Zimbabwe,ZWE,2020,8.58471437443396,1.76233861851845,4.97777042599376
732,Afghanistan,AFG,2021,,,4.02249785795131
733,Albania,ALB,2021,3.78693577286801,0.839892073868508,2.31196864129807
734,Algeria,DZA,2021,2.37806906481523,0.737982718243572,1.57318234314011
735,Angola,AGO,2021,,,
736,Antigua and Barbuda,ATG,2021,24.7129922940397,10.2651487933318,17.1637908377539
737,Argentina,ARG,2021,7.96347331015152,1.34721740010006,4.62267855620475
738,Armenia,ARM,2021,3.74055360989289,0.91236416363903,2.18561731238222
739,Australia,AUS,2021,1.09576279020374,0.375382837826072,0.744567483256587
740,Austria,AUT,2021,0.569332063039634,0.882812880195781,0.728529506902089
741,Azerbaijan,AZE,2021,2.51511624159892,1.32088662504661,1.91021189583004
742,Bahamas,BHS,2021,57.9405468459576,2.81851576959573,29.1734237464315
743,Bahrain,BHR,2021,0.0,0.180304931700492,0.0683402977791795
744,Bangladesh,BGD,2021,,,
745,Barbados,BRB,2021,19.283041677328,4.099312681907,11.3798210878753
746,Belarus,BLR,2021,,,
747,Belgium,BEL,2021,1.98784797147961,0.187183877274082,1.07652643158746
748,Belize,BLZ,2021,56.6514519419273,5.53318527870906,31.2475783126808
749,Benin,BEN,2021,,,
750,Bhutan,BTN,2021,,,
751,Bolivia (Plurinational State of),BOL,2021,3.76327855507269,2.90653014279367,3.49353018078936
752,Bosnia and Herzegovina,BIH,2021,1.55263349930985,0.421489840137936,0.978311147580377
753,Botswana,BWA,2021,,7.62958080031251,10.5469623782512
754,Brazil,BRA,2021,,,
755,Brunei Darussalam,BRN,2021,,,
756,Bulgaria,BGR,2021,1.79675497068519,0.789507668657166,1.27797986237754
757,Burkina Faso,BFA,2021,,,
758,Burundi,BDI,2021,,,
759,Cabo Verde,CPV,2021,,,
760,Cambodia,KHM,2021,,,
761,Cameroon,CMR,2021,,,
762,Canada,CAN,2021,3.09071632150327,1.02630861381341,2.06525947364399
763,Central African Republic,CAF,2021,,,
764,Chad,TCD,2021,,,
765,Chile,CHL,2021,6.63564416885275,0.672223510650618,3.63203867485069
766,China,CHN,2021,,,
767,Colombia,COL,2021,51.5005926660189,4.09557822946161,27.4843651251417
768,Comoros,COM,2021,,,
769,Democratic Republic of the Congo,COD,2021,,,
770,Congo,COG,2021,,,
771,Costa Rica,CRI,2021,20.6302222673778,2.17457487061279,11.4087098514792
772,Cote d'Ivoire,CIV,2021,,,
773,Croatia,HRV,2021,0.961125751416965,0.672014945612391,0.812780755716158
774,Cuba,CUB,2021,,,
775,Cyprus,CYP,2021,1.44426462458347,1.12715336612276,1.28597928930355
776,Czechia,CZE,2021,0.386366777788972,0.506156171299745,0.447161218411568
777,Denmark,DNK,2021,1.09884185502361,0.509842769588287,0.802836849630622
778,Djibouti,DJI,2021,,,
779,Dominican Republic,DOM,2021,18.4514288974635,2.56519107963834,10.5415842337116
780,Ecuador,ECU,2021,25.5208983581274,2.54744118230449,14.0242548813931
781,Egypt,EGY,2021,,0.54812895348424,
782,El Salvador,SLV,2021,33.4586981307031,4.02119380778482,18.1654984604067
783,Equatorial Guinea,GNQ,2021,,,
784,Eritrea,ERI,2021,,,
785,Estonia,EST,2021,3.49111867343838,0.572630686849035,1.95679840686505
786,Eswatini,SWZ,2021,,,12.6649058812971
787,Ethiopia,ETH,2021,,,
788,Fiji,FJI,2021,,,
789,Finland,FIN,2021,,,
790,France,FRA,2021,1.62204283119498,0.683940904086183,1.13742999459302
791,Gabon,GAB,2021,,,
792,Gambia,GMB,2021,,,
793,Georgia,GEO,2021,,,
794,Germany,DEU,2021,0.869903480321022,0.797546991581158,0.833247865481232
795,Ghana,GHA,2021,3.10242895316526,0.577005352485134,1.8365651066975
796,Greece,GRC,2021,1.0944154131213,0.619313807807783,0.852052561112034
797,Grenada,GRD,2021,6.4147282159839,1.6063353867654,4.01251905946553
798,Guatemala,GTM,2021,34.1288314632263,6.12944016786343,19.9903643036608
799,Guinea,GIN,2021,,,
800,Guinea-Bissau,GNB,2021,,,
801,Guyana,GUY,2021,30.9931395923386,2.19014604623885,16.2820498479306
802,Haiti,HTI,2021,24.3440224627813,1.870221033285,13.0071284130281
803,Honduras,HND,2021,69.4703655237417,6.48630416874769,38.3427468944297
804,Hungary,HUN,2021,1.05279351238558,0.514291162381105,0.772416611447461
805,Iceland,ISL,2021,0.526807938995641,0.553978256353438,0.540051574925405
806,India,IND,2021,3.34721396268262,2.49792462697395,2.93627889313173
807,Indonesia,IDN,2021,,,
808,Iran (Islamic Republic of),IRN,2021,,,
809,Iraq,IRQ,2021,,,
810,Ireland,IRL,2021,0.60706158315995,0.27826286061376,0.441188915890542
811,Israel,ISR,2021,3.29039888649296,0.604986839295553,1.94380733880528
812,Italy,ITA,2021,0.637267905037523,0.391871821032469,0.511475885697091
813,Jamaica,JAM,2021,95.5842023049264,9.33501691182199,52.1272718817397
814,Japan,JPN,2021,0.249308357115796,0.209227997716479,0.228708941914955
815,Jordan,JOR,2021,1.43594777613643,0.577483042024186,1.02257949714653
816,Kazakhstan,KAZ,2021,,,
817,Kenya,KEN,2021,7.95306262262438,2.64157993868953,5.27491295544657
818,Kiribati,KIR,2021,,,
819,Democratic People's Republic of Korea,PRK,2021,,,
820,Republic of Korea,KOR,2021,0.548581159540247,0.493347868851871,0.520932425050992
821,Kuwait,KWT,2021,,,
822,Kyrgyzstan,KGZ,2021,,,
823,Lao People's Democratic Republic,LAO,2021,,,
824,Latvia,LVA,2021,2.41936041327284,3.5788098667788,3.04175367238392
825,Lebanon,LBN,2021,,,
826,Lesotho,LSO,2021,,,
827,Liberia,LBR,2021,,,
828,Libya,LBY,2021,,,
829,Lithuania,LTU,2021,3.82339727965284,1.48757905299365,2.58374704685787
830,Luxembourg,LUX,2021,,,0.625663790177391
831,Madagascar,MDG,2021,,,
832,Malawi,MWI,2021,,,
833,Malaysia,MYS,2021,,,0.723777076243526
834,Maldives,MDV,2021,,,
835,Mali,MLI,2021,,,
836,Malta,MLT,2021,0.729989615897714,0.0,0.379688200050119
837,Mauritania,MRT,2021,,,
838,Mauritius,MUS,2021,3.43242912228887,1.82379413011859,2.6175702865739
839,Mexico,MEX,2021,50.5414680960317,6.17125933961002,28.1756529873319
840,Micronesia (Federated States of),FSM,2021,,,
841,Republic of Moldova,MDA,2021,,,
842,Mongolia,MNG,2021,9.81063665614982,2.54993045509439,6.15332686636602
843,Montenegro,MNE,2021,4.24994932752725,0.621171062746042,2.38907333419871
844,Morocco,MAR,2021,3.30553487438405,0.537724306738259,1.93113796660531
845,Mozambique,MOZ,2021,,,
846,Myanmar,MMR,2021,49.7709890430829,7.28843170791312,28.4378154764971
847,Namibia,NAM,2021,18.5069024194909,6.79916377925025,12.4498522913953
848,Nepal,NPL,2021,,,
849,Netherlands (Kingdom of the),NLD,2021,0.885413773979621,0.420206408795079,0.651365463420387
850,New Zealand,NZL,2021,,,
851,Nicaragua,NIC,2021,19.1371684692931,3.10799416387763,11.0064316097709
852,Niger,NER,2021,,,
853,Nigeria,NGA,2021,,,
854,North Macedonia,MKD,2021,,,
855,Norway,NOR,2021,0.476966288939941,0.597580954945571,0.536736762637051
856,Oman,OMN,2021,0.28966951604914,0.170580251469407,0.243337475232116
857,Pakistan,PAK,2021,,,3.97878815425614
858,Panama,PAN,2021,23.3859233281707,2.02322664184842,12.7319238281632
859,Papua New Guinea,PNG,2021,,,
860,Paraguay,PRY,2021,13.6987705724853,1.91700936953306,7.83138038595728
861,Peru,PER,2021,,,
862,Philippines,PHL,2021,,,
863,Poland,POL,2021,1.04727052555085,0.399325069865459,0.712649984922754
864,Portugal,PRT,2021,,,0.796882208078967
865,Qatar,QAT,2021,0.255927996193839,0.544543301743015,0.334792159167632
866,Romania,ROU,2021,1.79775675270342,0.761249934329673,1.26238064294495
867,Russian Federation,RUS,2021,10.8008797427097,3.30458989971786,6.79931955806077
868,Rwanda,RWA,2021,,,
869,Samoa,WSM,2021,,,
870,Sao Tome and Principe,STP,2021,,,
871,Saudi Arabia,SAU,2021,,,
872,Senegal,SEN,2021,,,
873,Serbia,SRB,2021,1.42975179079986,0.710590268913676,1.05526165452556
874,Seychelles,SYC,2021,,,4.6961364885109
875,Sierra Leone,SLE,2021,,,
876,Singapore,SGP,2021,0.128721023087564,0.0705824641396968,0.100992070355116
877,Slovakia,SVK,2021,1.16546392043265,0.645685012610587,1.0096148374465
878,Slovenia,SVN,2021,0.281644522366096,0.569131988347971,0.424646581984274
879,Solomon Islands,SLB,2021,,,
880,Somalia,SOM,2021,,,
881,South Africa,ZAF,2021,,,41.8657281155598
882,South Sudan,SSD,2021,,,
883,Spain,ESP,2021,0.829332680466605,0.400574638773044,0.610694288860715
884,Sri Lanka,LKA,2021,,,
885,Saint Lucia,LCA,2021,69.7099167978412,8.81916846265358,38.9643281575717
886,Saint Vincent and the Grenadines,VCT,2021,60.1402018455524,0.0,30.6713184833033
887,Sudan,SDN,2021,,,
888,Suriname,SUR,2021,9.16869414873587,2.27570120043238,5.70976917034607
889,Sweden,SWE,2021,1.68799931114455,0.462019761740259,1.07957344811078
890,Switzerland,CHE,2021,0.394066791307675,0.571113055941438,0.483235941156359
891,Syrian Arab Republic,SYR,2021,,,
892,Tajikistan,TJK,2021,,,
893,United Republic of Tanzania,TZA,2021,,,
894,Thailand,THA,2021,,,
895,Timor-Leste,TLS,2021,,,
896,Togo,TGO,2021,,,
897,Tonga,TON,2021,,,
898,Trinidad and Tobago,TTO,2021,,,29.3642829379752
899,Tunisia,TUN,2021,,,
900,Türkiye,TUR,2021,4.00566446142129,1.0263547563526,2.51959874186857
901,Turkmenistan,TKM,2021,,,
902,Uganda,UGA,2021,,,8.53146713450743
903,Ukraine,UKR,2021,,,3.84320089520623
904,United Arab Emirates,ARE,2021,0.522110055578615,0.350495030418587,0.469827240786301
905,United Kingdom of Great Britain and Northern Ireland,GBR,2021,,,
906,United States of America,USA,2021,10.7624435932002,2.92491915125656,6.80746639329421
907,Uruguay,URY,2021,15.9687470529376,2.26402108256432,8.90183595258911
908,Uzbekistan,UZB,2021,1.75933540753113,1.05111375338012,1.40545667527223
909,Vanuatu,VUT,2021,,,
910,Venezuela (Bolivarian Republic of),VEN,2021,,,19.3050559299634
911,Viet Nam,VNM,2021,,,
912,Yemen,YEM,2021,,,
913,Zambia,ZMB,2021,,,
914,Zimbabwe,ZWE,2021,10.9230356149951,1.86985932918086,6.1399851589931
915,Afghanistan,AFG,2022,,,
916,Albania,ALB,2022,,,
917,Algeria,DZA,2022,,,
918,Angola,AGO,2022,,,
919,Antigua and Barbuda,ATG,2022,,,
920,Argentina,ARG,2022,,,
921,Armenia,ARM,2022,,,
922,Australia,AUS,2022,,,
923,Austria,AUT,2022,,,
924,Azerbaijan,AZE,2022,,,
925,Bahamas,BHS,2022,,,
926,Bahrain,BHR,2022,,,
927,Bangladesh,BGD,2022,,,
928,Barbados,BRB,2022,,,
929,Belarus,BLR,2022,,,
930,Belgium,BEL,2022,,,
931,Belize,BLZ,2022,,,
932,Benin,BEN,2022,,,
933,Bhutan,BTN,2022,,,
934,Bolivia (Plurinational State of),BOL,2022,,,
935,Bosnia and Herzegovina,BIH,2022,,,
936,Botswana,BWA,2022,,,
937,Brazil,BRA,2022,,,
938,Brunei Darussalam,BRN,2022,,,
939,Bulgaria,BGR,2022,,,
940,Burkina Faso,BFA,2022,,,
941,Burundi,BDI,2022,,,
942,Cabo Verde,CPV,2022,,,
943,Cambodia,KHM,2022,,,
944,Cameroon,CMR,2022,,,
945,Canada,CAN,2022,,,
946,Central African Republic,CAF,2022,,,
947,Chad,TCD,2022,,,
948,Chile,CHL,2022,,,
949,China,CHN,2022,,,
950,Colombia,COL,2022,,,
951,Comoros,COM,2022,,,
952,Democratic Republic of the Congo,COD,2022,,,
953,Congo,COG,2022,,,
954,Costa Rica,CRI,2022,,,
955,Cote d'Ivoire,CIV,2022,,,
956,Croatia,HRV,2022,,,
957,Cuba,CUB,2022,,,
958,Cyprus,CYP,2022,,,
959,Czechia,CZE,2022,,,
960,Denmark,DNK,2022,,,
961,Djibouti,DJI,2022,,,
962,Dominican Republic,DOM,2022,,,
963,Ecuador,ECU,2022,,,
964,Egypt,EGY,2022,,,
965,El Salvador,SLV,2022,,,
966,Equatorial Guinea,GNQ,2022,,,
967,Eritrea,ERI,2022,,,
968,Estonia,EST,2022,,,
969,Eswatini,SWZ,2022,,,
970,Ethiopia,ETH,2022,,,
971,Fiji,FJI,2022,,,
972,Finland,FIN,2022,,,
973,France,FRA,2022,,,
974,Gabon,GAB,2022,,,
975,Gambia,GMB,2022,,,
976,Georgia,GEO,2022,,,
977,Germany,DEU,2022,,,
978,Ghana,GHA,2022,,,
979,Greece,GRC,2022,,,
980,Grenada,GRD,2022,,,
981,Guatemala,GTM,2022,,,
982,Guinea,GIN,2022,,,
983,Guinea-Bissau,GNB,2022,,,
984,Guyana,GUY,2022,,,
985,Haiti,HTI,2022,,,
986,Honduras,HND,2022,,,
987,Hungary,HUN,2022,,,
988,Iceland,ISL,2022,,,
989,India,IND,2022,,,
990,Indonesia,IDN,2022,,,
991,Iran (Islamic Republic of),IRN,2022,,,
992,Iraq,IRQ,2022,,,
993,Ireland,IRL,2022,,,
994,Israel,ISR,2022,,,
995,Italy,ITA,2022,,,
996,Jamaica,JAM,2022,,,
997,Japan,JPN,2022,,,
998,Jordan,JOR,2022,,,
999,Kazakhstan,KAZ,2022,,,
1000,Kenya,KEN,2022,,,
1001,Kiribati,KIR,2022,,,
1002,Democratic People's Republic of Korea,PRK,2022,,,
1003,Republic of Korea,KOR,2022,,,
1004,Kuwait,KWT,2022,,,
1005,Kyrgyzstan,KGZ,2022,,,
1006,Lao People's Democratic Republic,LAO,2022,,,
1007,Latvia,LVA,2022,,,
1008,Lebanon,LBN,2022,,,
1009,Lesotho,LSO,2022,,,
1010,Liberia,LBR,2022,,,
1011,Libya,LBY,2022,,,
1012,Lithuania,LTU,2022,,,
1013,Luxembourg,LUX,2022,,,
1014,Madagascar,MDG,2022,,,
1015,Malawi,MWI,2022,,,
1016,Malaysia,MYS,2022,,,
1017,Maldives,MDV,2022,,,
1018,Mali,MLI,2022,,,
1019,Malta,MLT,2022,,,
1020,Mauritania,MRT,2022,,,
1021,Mauritius,MUS,2022,,,
1022,Mexico,MEX,2022,,,
1023,Micronesia (Federated States of),FSM,2022,,,
1024,Republic of Moldova,MDA,2022,,,
1025,Mongolia,MNG,2022,,,
1026,Montenegro,MNE,2022,,,
1027,Morocco,MAR,2022,,,
1028,Mozambique,MOZ,2022,,,
1029,Myanmar,MMR,2022,,,
1030,Namibia,NAM,2022,,,
1031,Nepal,NPL,2022,,,
1032,Netherlands (Kingdom of the),NLD,2022,,,
1033,New Zealand,NZL,2022,,,
1034,Nicaragua,NIC,2022,,,
1035,Niger,NER,2022,,,
1036,Nigeria,NGA,2022,,,
1037,North Macedonia,MKD,2022,,,
1038,Norway,NOR,2022,,,
1039,Oman,OMN,2022,,,
1040,Pakistan,PAK,2022,,,
1041,Panama,PAN,2022,,,
1042,Papua New Guinea,PNG,2022,,,
1043,Paraguay,PRY,2022,,,
1044,Peru,PER,2022,,,
1045,Philippines,PHL,2022,,,
1046,Poland,POL,2022,,,
1047,Portugal,PRT,2022,,,
1048,Qatar,QAT,2022,,,
1049,Romania,ROU,2022,,,
1050,Russian Federation,RUS,2022,,,
1051,Rwanda,RWA,2022,,,
1052,Samoa,WSM,2022,,,
1053,Sao Tome and Principe,STP,2022,,,
1054,Saudi Arabia,SAU,2022,,,
1055,Senegal,SEN,2022,,,
1056,Serbia,SRB,2022,,,
1057,Seychelles,SYC,2022,,,
1058,Sierra Leone,SLE,2022,,,
1059,Singapore,SGP,2022,,,
1060,Slovakia,SVK,2022,,,
1061,Slovenia,SVN,2022,,,
1062,Solomon Islands,SLB,2022,,,
1063,Somalia,SOM,2022,,,
1064,South Africa,ZAF,2022,,,
1065,South Sudan,SSD,2022,,,
1066,Spain,ESP,2022,,,
1067,Sri Lanka,LKA,2022,,,
1068,Saint Lucia,LCA,2022,,,
1069,Saint Vincent and the Grenadines,VCT,2022,,,
1070,Sudan,SDN,2022,,,
1071,Suriname,SUR,2022,,,
1072,Sweden,SWE,2022,,,
1073,Switzerland,CHE,2022,,,
1074,Syrian Arab Republic,SYR,2022,,,
1075,Tajikistan,TJK,2022,,,
1076,United Republic of Tanzania,TZA,2022,,,
1077,Thailand,THA,2022,,,
1078,Timor-Leste,TLS,2022,,,
1079,Togo,TGO,2022,,,
1080,Tonga,TON,2022,,,
1081,Trinidad and Tobago,TTO,2022,,,
1082,Tunisia,TUN,2022,,,
1083,Türkiye,TUR,2022,,,
1084,Turkmenistan,TKM,2022,,,
1085,Uganda,UGA,2022,,,
1086,Ukraine,UKR,2022,,,
1087,United Arab Emirates,ARE,2022,,,
1088,United Kingdom of Great Britain and Northern Ireland,GBR,2022,,,
1089,United States of America,USA,2022,,,
1090,Uruguay,URY,2022,,,
1091,Uzbekistan,UZB,2022,,,
1092,Vanuatu,VUT,2022,,,
1093,Venezuela (Bolivarian Republic of),VEN,2022,,,
1094,Viet Nam,VNM,2022,,,
1095,Yemen,YEM,2022,,,
1096,Zambia,ZMB,2022,,,
1097,Zimbabwe,ZWE,2022,,,
1098,Afghanistan,AFG,2023,,,
1099,Albania,ALB,2023,,,
1100,Algeria,DZA,2023,,,
1101,Angola,AGO,2023,,,
1102,Antigua and Barbuda,ATG,2023,,,
1103,Argentina,ARG,2023,,,
1104,Armenia,ARM,2023,,,
1105,Australia,AUS,2023,,,
1106,Austria,AUT,2023,,,
1107,Azerbaijan,AZE,2023,,,
1108,Bahamas,BHS,2023,,,
1109,Bahrain,BHR,2023,,,
1110,Bangladesh,BGD,2023,,,
1111,Barbados,BRB,2023,,,
1112,Belarus,BLR,2023,,,
1113,Belgium,BEL,2023,,,
1114,Belize,BLZ,2023,,,
1115,Benin,BEN,2023,,,
1116,Bhutan,BTN,2023,,,
1117,Bolivia (Plurinational State of),BOL,2023,,,
1118,Bosnia and Herzegovina,BIH,2023,,,
1119,Botswana,BWA,2023,,,
1120,Brazil,BRA,2023,,,
1121,Brunei Darussalam,BRN,2023,,,
1122,Bulgaria,BGR,2023,,,
1123,Burkina Faso,BFA,2023,,,
1124,Burundi,BDI,2023,,,
1125,Cabo Verde,CPV,2023,,,
1126,Cambodia,KHM,2023,,,
1127,Cameroon,CMR,2023,,,
1128,Canada,CAN,2023,,,
1129,Central African Republic,CAF,2023,,,
1130,Chad,TCD,2023,,,
1131,Chile,CHL,2023,,,
1132,China,CHN,2023,,,
1133,Colombia,COL,2023,,,
1134,Comoros,COM,2023,,,
1135,Democratic Republic of the Congo,COD,2023,,,
1136,Congo,COG,2023,,,
1137,Costa Rica,CRI,2023,,,
1138,Cote d'Ivoire,CIV,2023,,,
1139,Croatia,HRV,2023,,,
1140,Cuba,CUB,2023,,,
1141,Cyprus,CYP,2023,,,
1142,Czechia,CZE,2023,,,
1143,Denmark,DNK,2023,,,
1144,Djibouti,DJI,2023,,,
1145,Dominican Republic,DOM,2023,,,
1146,Ecuador,ECU,2023,,,
1147,Egypt,EGY,2023,,,
1148,El Salvador,SLV,2023,,,
1149,Equatorial Guinea,GNQ,2023,,,
1150,Eritrea,ERI,2023,,,
1151,Estonia,EST,2023,,,
1152,Eswatini,SWZ,2023,,,
1153,Ethiopia,ETH,2023,,,
1154,Fiji,FJI,2023,,,
1155,Finland,FIN,2023,,,
1156,France,FRA,2023,,,
1157,Gabon,GAB,2023,,,
1158,Gambia,GMB,2023,,,
1159,Georgia,GEO,2023,,,
1160,Germany,DEU,2023,,,
1161,Ghana,GHA,2023,,,
1162,Greece,GRC,2023,,,
1163,Grenada,GRD,2023,,,
1164,Guatemala,GTM,2023,,,
1165,Guinea,GIN,2023,,,
1166,Guinea-Bissau,GNB,2023,,,
1167,Guyana,GUY,2023,,,
1168,Haiti,HTI,2023,,,
1169,Honduras,HND,2023,,,
1170,Hungary,HUN,2023,,,
1171,Iceland,ISL,2023,,,
1172,India,IND,2023,,,
1173,Indonesia,IDN,2023,,,
1174,Iran (Islamic Republic of),IRN,2023,,,
1175,Iraq,IRQ,2023,,,
1176,Ireland,IRL,2023,,,
1177,Israel,ISR,2023,,,
1178,Italy,ITA,2023,,,
1179,Jamaica,JAM,2023,,,
1180,Japan,JPN,2023,,,
1181,Jordan,JOR,2023,,,
1182,Kazakhstan,KAZ,2023,,,
1183,Kenya,KEN,2023,,,
1184,Kiribati,KIR,2023,,,
1185,Democratic People's Republic of Korea,PRK,2023,,,
1186,Republic of Korea,KOR,2023,,,
1187,Kuwait,KWT,2023,,,
1188,Kyrgyzstan,KGZ,2023,,,
1189,Lao People's Democratic Republic,LAO,2023,,,
1190,Latvia,LVA,2023,,,
1191,Lebanon,LBN,2023,,,
1192,Lesotho,LSO,2023,,,
1193,Liberia,LBR,2023,,,
1194,Libya,LBY,2023,,,
1195,Lithuania,LTU,2023,,,
1196,Luxembourg,LUX,2023,,,
1197,Madagascar,MDG,2023,,,
1198,Malawi,MWI,2023,,,
1199,Malaysia,MYS,2023,,,
1200,Maldives,MDV,2023,,,
1201,Mali,MLI,2023,,,
1202,Malta,MLT,2023,,,
1203,Mauritania,MRT,2023,,,
1204,Mauritius,MUS,2023,,,
1205,Mexico,MEX,2023,,,
1206,Micronesia (Federated States of),FSM,2023,,,
1207,Republic of Moldova,MDA,2023,,,
1208,Mongolia,MNG,2023,,,
1209,Montenegro,MNE,2023,,,
1210,Morocco,MAR,2023,,,
1211,Mozambique,MOZ,2023,,,
1212,Myanmar,MMR,2023,,,
1213,Namibia,NAM,2023,,,
1214,Nepal,NPL,2023,,,
1215,Netherlands (Kingdom of the),NLD,2023,,,
1216,New Zealand,NZL,2023,,,
1217,Nicaragua,NIC,2023,,,
1218,Niger,NER,2023,,,
1219,Nigeria,NGA,2023,,,
1220,North Macedonia,MKD,2023,,,
1221,Norway,NOR,2023,,,
1222,Oman,OMN,2023,,,
1223,Pakistan,PAK,2023,,,
1224,Panama,PAN,2023,,,
1225,Papua New Guinea,PNG,2023,,,
1226,Paraguay,PRY,2023,,,
1227,Peru,PER,2023,,,
1228,Philippines,PHL,2023,,,
1229,Poland,POL,2023,,,
1230,Portugal,PRT,2023,,,
1231,Qatar,QAT,2023,,,
1232,Romania,ROU,2023,,,
1233,Russian Federation,RUS,2023,,,
1234,Rwanda,RWA,2023,,,
1235,Samoa,WSM,2023,,,
1236,Sao Tome and Principe,STP,2023,,,
1237,Saudi Arabia,SAU,2023,,,
1238,Senegal,SEN,2023,,,
1239,Serbia,SRB,2023,,,
1240,Seychelles,SYC,2023,,,
1241,Sierra Leone,SLE,2023,,,
1242,Singapore,SGP,2023,,,
1243,Slovakia,SVK,2023,,,
1244,Slovenia,SVN,2023,,,
1245,Solomon Islands,SLB,2023,,,
1246,Somalia,SOM,2023,,,
1247,South Africa,ZAF,2023,,,
1248,South Sudan,SSD,2023,,,
1249,Spain,ESP,2023,,,
1250,Sri Lanka,LKA,2023,,,
1251,Saint Lucia,LCA,2023,,,
1252,Saint Vincent and the Grenadines,VCT,2023,,,
1253,Sudan,SDN,2023,,,
1254,Suriname,SUR,2023,,,
1255,Sweden,SWE,2023,,,
1256,Switzerland,CHE,2023,,,
1257,Syrian Arab Republic,SYR,2023,,,
1258,Tajikistan,TJK,2023,,,
1259,United Republic of Tanzania,TZA,2023,,,
1260,Thailand,THA,2023,,,
1261,Timor-Leste,TLS,2023,,,
1262,Togo,TGO,2023,,,
1263,Tonga,TON,2023,,,
1264,Trinidad and Tobago,TTO,2023,,,
1265,Tunisia,TUN,2023,,,
1266,Türkiye,TUR,2023,,,
1267,Turkmenistan,TKM,2023,,,
1268,Uganda,UGA,2023,,,
1269,Ukraine,UKR,2023,,,
1270,United Arab Emirates,ARE,2023,,,
1271,United Kingdom of Great Britain and Northern Ireland,GBR,2023,,,
1272,United States of America,USA,2023,,,
1273,Uruguay,URY,2023,,,
1274,Uzbekistan,UZB,2023,,,
1275,Vanuatu,VUT,2023,,,
1276,Venezuela (Bolivarian Republic of),VEN,2023,,,
1277,Viet Nam,VNM,2023,,,
1278,Yemen,YEM,2023,,,
1279,Zambia,ZMB,2023,,,
1280,Zimbabwe,ZWE,2023,,,
